01/07/2026 00:00:00 - 01/07/2026 00:15:00;199,91
01/07/2026 00:15:00 - 01/07/2026 00:30:00;167,48
01/07/2026 00:30:00 - 01/07/2026 00:45:00;160,7
01/07/2026 00:45:00 - 01/07/2026 01:00:00;152
01/07/2026 01:00:00 - 01/07/2026 01:15:00;166,15
01/07/2026 01:15:00 - 01/07/2026 01:30:00;161,59
01/07/2026 01:30:00 - 01/07/2026 01:45:00;157,48
01/07/2026 01:45:00 - 01/07/2026 02:00:00;150,55
01/07/2026 02:00:00 - 01/07/2026 02:15:00;154,74
01/07/2026 02:15:00 - 01/07/2026 02:30:00;153,67
01/07/2026 02:30:00 - 01/07/2026 02:45:00;154,09
01/07/2026 02:45:00 - 01/07/2026 03:00:00;148,55
01/07/2026 03:00:00 - 01/07/2026 03:15:00;154,12
01/07/2026 03:15:00 - 01/07/2026 03:30:00;154,81
01/07/2026 03:30:00 - 01/07/2026 03:45:00;151,26
01/07/2026 03:45:00 - 01/07/2026 04:00:00;141,79
01/07/2026 04:00:00 - 01/07/2026 04:15:00;150,55
01/07/2026 04:15:00 - 01/07/2026 04:30:00;160,02
01/07/2026 04:30:00 - 01/07/2026 04:45:00;163,65
01/07/2026 04:45:00 - 01/07/2026 05:00:00;163,36
01/07/2026 05:00:00 - 01/07/2026 05:15:00;166,65
01/07/2026 05:15:00 - 01/07/2026 05:30:00;165,88
01/07/2026 05:30:00 - 01/07/2026 05:45:00;167,65
01/07/2026 05:45:00 - 01/07/2026 06:00:00;168,65
01/07/2026 06:00:00 - 01/07/2026 06:15:00;171,91
01/07/2026 06:15:00 - 01/07/2026 06:30:00;180,06
01/07/2026 06:30:00 - 01/07/2026 06:45:00;185,72
01/07/2026 06:45:00 - 01/07/2026 07:00:00;185,76
01/07/2026 07:00:00 - 01/07/2026 07:15:00;192,06
01/07/2026 07:15:00 - 01/07/2026 07:30:00;171
01/07/2026 07:30:00 - 01/07/2026 07:45:00;128,54
01/07/2026 07:45:00 - 01/07/2026 08:00:00;115,45
01/07/2026 08:00:00 - 01/07/2026 08:15:00;190,37
01/07/2026 08:15:00 - 01/07/2026 08:30:00;118,96
01/07/2026 08:30:00 - 01/07/2026 08:45:00;149
01/07/2026 08:45:00 - 01/07/2026 09:00:00;118,13
01/07/2026 09:00:00 - 01/07/2026 09:15:00;113,77
01/07/2026 09:15:00 - 01/07/2026 09:30:00;110,15
01/07/2026 09:30:00 - 01/07/2026 09:45:00;110
01/07/2026 09:45:00 - 01/07/2026 10:00:00;105,9
01/07/2026 10:00:00 - 01/07/2026 10:15:00;107,29
01/07/2026 10:15:00 - 01/07/2026 10:30:00;105
01/07/2026 10:30:00 - 01/07/2026 10:45:00;80,12
01/07/2026 10:45:00 - 01/07/2026 11:00:00;99,63
01/07/2026 11:00:00 - 01/07/2026 11:15:00;80,12
01/07/2026 11:15:00 - 01/07/2026 11:30:00;76,8
01/07/2026 11:30:00 - 01/07/2026 11:45:00;90,23
01/07/2026 11:45:00 - 01/07/2026 12:00:00;88,89
01/07/2026 12:00:00 - 01/07/2026 12:15:00;80,12
01/07/2026 12:15:00 - 01/07/2026 12:30:00;90,23
01/07/2026 12:30:00 - 01/07/2026 12:45:00;103,33
01/07/2026 12:45:00 - 01/07/2026 13:00:00;138,93
01/07/2026 13:00:00 - 01/07/2026 13:15:00;90,23
01/07/2026 13:15:00 - 01/07/2026 13:30:00;97,14
01/07/2026 13:30:00 - 01/07/2026 13:45:00;134,18
01/07/2026 13:45:00 - 01/07/2026 14:00:00;139,25
01/07/2026 14:00:00 - 01/07/2026 14:15:00;111,65
01/07/2026 14:15:00 - 01/07/2026 14:30:00;115,31
01/07/2026 14:30:00 - 01/07/2026 14:45:00;112,93
01/07/2026 14:45:00 - 01/07/2026 15:00:00;105,01
01/07/2026 15:00:00 - 01/07/2026 15:15:00;74,99
01/07/2026 15:15:00 - 01/07/2026 15:30:00;110,18
01/07/2026 15:30:00 - 01/07/2026 15:45:00;115,74
01/07/2026 15:45:00 - 01/07/2026 16:00:00;124,65
01/07/2026 16:00:00 - 01/07/2026 16:15:00;129,92
01/07/2026 16:15:00 - 01/07/2026 16:30:00;165,65
01/07/2026 16:30:00 - 01/07/2026 16:45:00;169,45
01/07/2026 16:45:00 - 01/07/2026 17:00:00;185,16
01/07/2026 17:00:00 - 01/07/2026 17:15:00;135,52
01/07/2026 17:15:00 - 01/07/2026 17:30:00;147,47
01/07/2026 17:30:00 - 01/07/2026 17:45:00;196,97
01/07/2026 17:45:00 - 01/07/2026 18:00:00;295,9
01/07/2026 18:00:00 - 01/07/2026 18:15:00;185,15
01/07/2026 18:15:00 - 01/07/2026 18:30:00;300,01
01/07/2026 18:30:00 - 01/07/2026 18:45:00;259,48
01/07/2026 18:45:00 - 01/07/2026 19:00:00;211,17
01/07/2026 19:00:00 - 01/07/2026 19:15:00;300
01/07/2026 19:15:00 - 01/07/2026 19:30:00;377,48
01/07/2026 19:30:00 - 01/07/2026 19:45:00;300,01
01/07/2026 19:45:00 - 01/07/2026 20:00:00;344,37
01/07/2026 20:00:00 - 01/07/2026 20:15:00;192,59
01/07/2026 20:15:00 - 01/07/2026 20:30:00;192,87
01/07/2026 20:30:00 - 01/07/2026 20:45:00;192,09
01/07/2026 20:45:00 - 01/07/2026 21:00:00;185,15
01/07/2026 21:00:00 - 01/07/2026 21:15:00;334,55
01/07/2026 21:15:00 - 01/07/2026 21:30:00;196,15
01/07/2026 21:30:00 - 01/07/2026 21:45:00;334,38
01/07/2026 21:45:00 - 01/07/2026 22:00:00;219,5
01/07/2026 22:00:00 - 01/07/2026 22:15:00;376,29
01/07/2026 22:15:00 - 01/07/2026 22:30:00;392,08
01/07/2026 22:30:00 - 01/07/2026 22:45:00;300,37
01/07/2026 22:45:00 - 01/07/2026 23:00:00;265,23
01/07/2026 23:00:00 - 01/07/2026 23:15:00;235,43
01/07/2026 23:15:00 - 01/07/2026 23:30:00;208,4
01/07/2026 23:30:00 - 01/07/2026 23:45:00;193,75
01/07/2026 23:45:00 - 02/07/2026 00:00:00;167,47
02/07/2026 00:00:00 - 02/07/2026 00:15:00;158,63
02/07/2026 00:15:00 - 02/07/2026 00:30:00;156,53
02/07/2026 00:30:00 - 02/07/2026 00:45:00;154,74
02/07/2026 00:45:00 - 02/07/2026 01:00:00;148,45
02/07/2026 01:00:00 - 02/07/2026 01:15:00;159,25
02/07/2026 01:15:00 - 02/07/2026 01:30:00;157,85
02/07/2026 01:30:00 - 02/07/2026 01:45:00;150,15
02/07/2026 01:45:00 - 02/07/2026 02:00:00;136,41
02/07/2026 02:00:00 - 02/07/2026 02:15:00;153,95
02/07/2026 02:15:00 - 02/07/2026 02:30:00;147,25
02/07/2026 02:30:00 - 02/07/2026 02:45:00;141,67
02/07/2026 02:45:00 - 02/07/2026 03:00:00;133,41
02/07/2026 03:00:00 - 02/07/2026 03:15:00;148,98
02/07/2026 03:15:00 - 02/07/2026 03:30:00;148,92
02/07/2026 03:30:00 - 02/07/2026 03:45:00;150,26
02/07/2026 03:45:00 - 02/07/2026 04:00:00;131,86
02/07/2026 04:00:00 - 02/07/2026 04:15:00;126,83
02/07/2026 04:15:00 - 02/07/2026 04:30:00;147,42
02/07/2026 04:30:00 - 02/07/2026 04:45:00;146,6
02/07/2026 04:45:00 - 02/07/2026 05:00:00;136,94
02/07/2026 05:00:00 - 02/07/2026 05:15:00;129,63
02/07/2026 05:15:00 - 02/07/2026 05:30:00;138,13
02/07/2026 05:30:00 - 02/07/2026 05:45:00;145,22
02/07/2026 05:45:00 - 02/07/2026 06:00:00;152,54
02/07/2026 06:00:00 - 02/07/2026 06:15:00;165,64
02/07/2026 06:15:00 - 02/07/2026 06:30:00;165,64
02/07/2026 06:30:00 - 02/07/2026 06:45:00;137,72
02/07/2026 06:45:00 - 02/07/2026 07:00:00;116,6
02/07/2026 07:00:00 - 02/07/2026 07:15:00;130,96
02/07/2026 07:15:00 - 02/07/2026 07:30:00;116,66
02/07/2026 07:30:00 - 02/07/2026 07:45:00;110
02/07/2026 07:45:00 - 02/07/2026 08:00:00;95,91
02/07/2026 08:00:00 - 02/07/2026 08:15:00;121,31
02/07/2026 08:15:00 - 02/07/2026 08:30:00;111,45
02/07/2026 08:30:00 - 02/07/2026 08:45:00;100,04
02/07/2026 08:45:00 - 02/07/2026 09:00:00;49,59
02/07/2026 09:00:00 - 02/07/2026 09:15:00;106,58
02/07/2026 09:15:00 - 02/07/2026 09:30:00;78,93
02/07/2026 09:30:00 - 02/07/2026 09:45:00;73,01
02/07/2026 09:45:00 - 02/07/2026 10:00:00;32,03
02/07/2026 10:00:00 - 02/07/2026 10:15:00;105
02/07/2026 10:15:00 - 02/07/2026 10:30:00;90,85
02/07/2026 10:30:00 - 02/07/2026 10:45:00;70,81
02/07/2026 10:45:00 - 02/07/2026 11:00:00;18,72
02/07/2026 11:00:00 - 02/07/2026 11:15:00;88
02/07/2026 11:15:00 - 02/07/2026 11:30:00;90
02/07/2026 11:30:00 - 02/07/2026 11:45:00;92
02/07/2026 11:45:00 - 02/07/2026 12:00:00;105
02/07/2026 12:00:00 - 02/07/2026 12:15:00;101,76
02/07/2026 12:15:00 - 02/07/2026 12:30:00;110
02/07/2026 12:30:00 - 02/07/2026 12:45:00;114,12
02/07/2026 12:45:00 - 02/07/2026 13:00:00;110
02/07/2026 13:00:00 - 02/07/2026 13:15:00;110
02/07/2026 13:15:00 - 02/07/2026 13:30:00;110
02/07/2026 13:30:00 - 02/07/2026 13:45:00;111,14
02/07/2026 13:45:00 - 02/07/2026 14:00:00;103,22
02/07/2026 14:00:00 - 02/07/2026 14:15:00;79,17
02/07/2026 14:15:00 - 02/07/2026 14:30:00;72,79
02/07/2026 14:30:00 - 02/07/2026 14:45:00;110
02/07/2026 14:45:00 - 02/07/2026 15:00:00;125,07
02/07/2026 15:00:00 - 02/07/2026 15:15:00;110
02/07/2026 15:15:00 - 02/07/2026 15:30:00;112,4
02/07/2026 15:30:00 - 02/07/2026 15:45:00;128,41
02/07/2026 15:45:00 - 02/07/2026 16:00:00;156,69
02/07/2026 16:00:00 - 02/07/2026 16:15:00;100,05
02/07/2026 16:15:00 - 02/07/2026 16:30:00;120
02/07/2026 16:30:00 - 02/07/2026 16:45:00;167,53
02/07/2026 16:45:00 - 02/07/2026 17:00:00;168,64
02/07/2026 17:00:00 - 02/07/2026 17:15:00;163,02
02/07/2026 17:15:00 - 02/07/2026 17:30:00;171,64
02/07/2026 17:30:00 - 02/07/2026 17:45:00;185,16
02/07/2026 17:45:00 - 02/07/2026 18:00:00;228,44
02/07/2026 18:00:00 - 02/07/2026 18:15:00;185,11
02/07/2026 18:15:00 - 02/07/2026 18:30:00;221,56
02/07/2026 18:30:00 - 02/07/2026 18:45:00;301,53
02/07/2026 18:45:00 - 02/07/2026 19:00:00;260,44
02/07/2026 19:00:00 - 02/07/2026 19:15:00;197,57
02/07/2026 19:15:00 - 02/07/2026 19:30:00;216,33
02/07/2026 19:30:00 - 02/07/2026 19:45:00;265,15
02/07/2026 19:45:00 - 02/07/2026 20:00:00;302,73
02/07/2026 20:00:00 - 02/07/2026 20:15:00;239,1
02/07/2026 20:15:00 - 02/07/2026 20:30:00;212,27
02/07/2026 20:30:00 - 02/07/2026 20:45:00;205,89
02/07/2026 20:45:00 - 02/07/2026 21:00:00;195,54
02/07/2026 21:00:00 - 02/07/2026 21:15:00;243,61
02/07/2026 21:15:00 - 02/07/2026 21:30:00;209,35
02/07/2026 21:30:00 - 02/07/2026 21:45:00;185,6
02/07/2026 21:45:00 - 02/07/2026 22:00:00;174,85
02/07/2026 22:00:00 - 02/07/2026 22:15:00;185,6
02/07/2026 22:15:00 - 02/07/2026 22:30:00;185,55
02/07/2026 22:30:00 - 02/07/2026 22:45:00;167,54
02/07/2026 22:45:00 - 02/07/2026 23:00:00;167,53
02/07/2026 23:00:00 - 02/07/2026 23:15:00;201,32
02/07/2026 23:15:00 - 02/07/2026 23:30:00;185,11
02/07/2026 23:30:00 - 02/07/2026 23:45:00;167,53
02/07/2026 23:45:00 - 03/07/2026 00:00:00;149,22
03/07/2026 00:00:00 - 03/07/2026 00:15:00;172,79
03/07/2026 00:15:00 - 03/07/2026 00:30:00;167,54
03/07/2026 00:30:00 - 03/07/2026 00:45:00;160,02
03/07/2026 00:45:00 - 03/07/2026 01:00:00;132,4
03/07/2026 01:00:00 - 03/07/2026 01:15:00;167,53
03/07/2026 01:15:00 - 03/07/2026 01:30:00;155,55
03/07/2026 01:30:00 - 03/07/2026 01:45:00;129,66
03/07/2026 01:45:00 - 03/07/2026 02:00:00;126,18
03/07/2026 02:00:00 - 03/07/2026 02:15:00;141,66
03/07/2026 02:15:00 - 03/07/2026 02:30:00;132,88
03/07/2026 02:30:00 - 03/07/2026 02:45:00;139,36
03/07/2026 02:45:00 - 03/07/2026 03:00:00;130,24
03/07/2026 03:00:00 - 03/07/2026 03:15:00;143,99
03/07/2026 03:15:00 - 03/07/2026 03:30:00;129,81
03/07/2026 03:30:00 - 03/07/2026 03:45:00;129,1
03/07/2026 03:45:00 - 03/07/2026 04:00:00;128,28
03/07/2026 04:00:00 - 03/07/2026 04:15:00;124,77
03/07/2026 04:15:00 - 03/07/2026 04:30:00;131,07
03/07/2026 04:30:00 - 03/07/2026 04:45:00;132,36
03/07/2026 04:45:00 - 03/07/2026 05:00:00;145,32
03/07/2026 05:00:00 - 03/07/2026 05:15:00;129,92
03/07/2026 05:15:00 - 03/07/2026 05:30:00;130,07
03/07/2026 05:30:00 - 03/07/2026 05:45:00;129,56
03/07/2026 05:45:00 - 03/07/2026 06:00:00;130,84
03/07/2026 06:00:00 - 03/07/2026 06:15:00;165,51
03/07/2026 06:15:00 - 03/07/2026 06:30:00;150,36
03/07/2026 06:30:00 - 03/07/2026 06:45:00;138,18
03/07/2026 06:45:00 - 03/07/2026 07:00:00;122,89
03/07/2026 07:00:00 - 03/07/2026 07:15:00;143,66
03/07/2026 07:15:00 - 03/07/2026 07:30:00;118,36
03/07/2026 07:30:00 - 03/07/2026 07:45:00;105,42
03/07/2026 07:45:00 - 03/07/2026 08:00:00;80,15
03/07/2026 08:00:00 - 03/07/2026 08:15:00;111,77
03/07/2026 08:15:00 - 03/07/2026 08:30:00;86,74
03/07/2026 08:30:00 - 03/07/2026 08:45:00;71,58
03/07/2026 08:45:00 - 03/07/2026 09:00:00;24,4
03/07/2026 09:00:00 - 03/07/2026 09:15:00;97,15
03/07/2026 09:15:00 - 03/07/2026 09:30:00;29,19
03/07/2026 09:30:00 - 03/07/2026 09:45:00;11,94
03/07/2026 09:45:00 - 03/07/2026 10:00:00;10,21
03/07/2026 10:00:00 - 03/07/2026 10:15:00;11,96
03/07/2026 10:15:00 - 03/07/2026 10:30:00;9,02
03/07/2026 10:30:00 - 03/07/2026 10:45:00;9,42
03/07/2026 10:45:00 - 03/07/2026 11:00:00;9,48
03/07/2026 11:00:00 - 03/07/2026 11:15:00;10
03/07/2026 11:15:00 - 03/07/2026 11:30:00;10
03/07/2026 11:30:00 - 03/07/2026 11:45:00;9,12
03/07/2026 11:45:00 - 03/07/2026 12:00:00;9,2
03/07/2026 12:00:00 - 03/07/2026 12:15:00;8,48
03/07/2026 12:15:00 - 03/07/2026 12:30:00;9,7
03/07/2026 12:30:00 - 03/07/2026 12:45:00;10
03/07/2026 12:45:00 - 03/07/2026 13:00:00;11,75
03/07/2026 13:00:00 - 03/07/2026 13:15:00;12,77
03/07/2026 13:15:00 - 03/07/2026 13:30:00;13,63
03/07/2026 13:30:00 - 03/07/2026 13:45:00;12,77
03/07/2026 13:45:00 - 03/07/2026 14:00:00;12,77
03/07/2026 14:00:00 - 03/07/2026 14:15:00;11,01
03/07/2026 14:15:00 - 03/07/2026 14:30:00;12,77
03/07/2026 14:30:00 - 03/07/2026 14:45:00;20,45
03/07/2026 14:45:00 - 03/07/2026 15:00:00;57,8
03/07/2026 15:00:00 - 03/07/2026 15:15:00;50,4
03/07/2026 15:15:00 - 03/07/2026 15:30:00;49,17
03/07/2026 15:30:00 - 03/07/2026 15:45:00;13,98
03/07/2026 15:45:00 - 03/07/2026 16:00:00;31,56
03/07/2026 16:00:00 - 03/07/2026 16:15:00;11,01
03/07/2026 16:15:00 - 03/07/2026 16:30:00;22,12
03/07/2026 16:30:00 - 03/07/2026 16:45:00;93,34
03/07/2026 16:45:00 - 03/07/2026 17:00:00;120
03/07/2026 17:00:00 - 03/07/2026 17:15:00;110,91
03/07/2026 17:15:00 - 03/07/2026 17:30:00;126,36
03/07/2026 17:30:00 - 03/07/2026 17:45:00;167,74
03/07/2026 17:45:00 - 03/07/2026 18:00:00;162,99
03/07/2026 18:00:00 - 03/07/2026 18:15:00;126,81
03/07/2026 18:15:00 - 03/07/2026 18:30:00;143,18
03/07/2026 18:30:00 - 03/07/2026 18:45:00;167,54
03/07/2026 18:45:00 - 03/07/2026 19:00:00;167,53
03/07/2026 19:00:00 - 03/07/2026 19:15:00;134,55
03/07/2026 19:15:00 - 03/07/2026 19:30:00;167,53
03/07/2026 19:30:00 - 03/07/2026 19:45:00;155,86
03/07/2026 19:45:00 - 03/07/2026 20:00:00;181,02
03/07/2026 20:00:00 - 03/07/2026 20:15:00;167,53
03/07/2026 20:15:00 - 03/07/2026 20:30:00;182,28
03/07/2026 20:30:00 - 03/07/2026 20:45:00;163,38
03/07/2026 20:45:00 - 03/07/2026 21:00:00;167,54
03/07/2026 21:00:00 - 03/07/2026 21:15:00;161,11
03/07/2026 21:15:00 - 03/07/2026 21:30:00;167,53
03/07/2026 21:30:00 - 03/07/2026 21:45:00;161,11
03/07/2026 21:45:00 - 03/07/2026 22:00:00;148,13
03/07/2026 22:00:00 - 03/07/2026 22:15:00;167,53
03/07/2026 22:15:00 - 03/07/2026 22:30:00;156,8
03/07/2026 22:30:00 - 03/07/2026 22:45:00;152,3
03/07/2026 22:45:00 - 03/07/2026 23:00:00;139,97
03/07/2026 23:00:00 - 03/07/2026 23:15:00;151,96
03/07/2026 23:15:00 - 03/07/2026 23:30:00;143,11
03/07/2026 23:30:00 - 03/07/2026 23:45:00;140,7
03/07/2026 23:45:00 - 04/07/2026 00:00:00;127,97
04/07/2026 00:00:00 - 04/07/2026 00:15:00;136,89
04/07/2026 00:15:00 - 04/07/2026 00:30:00;129,15
04/07/2026 00:30:00 - 04/07/2026 00:45:00;129,8
04/07/2026 00:45:00 - 04/07/2026 01:00:00;127,85
04/07/2026 01:00:00 - 04/07/2026 01:15:00;131,78
04/07/2026 01:15:00 - 04/07/2026 01:30:00;127,95
04/07/2026 01:30:00 - 04/07/2026 01:45:00;127,09
04/07/2026 01:45:00 - 04/07/2026 02:00:00;124,37
04/07/2026 02:00:00 - 04/07/2026 02:15:00;129,43
04/07/2026 02:15:00 - 04/07/2026 02:30:00;127,3
04/07/2026 02:30:00 - 04/07/2026 02:45:00;128,81
04/07/2026 02:45:00 - 04/07/2026 03:00:00;127,22
04/07/2026 03:00:00 - 04/07/2026 03:15:00;125,2
04/07/2026 03:15:00 - 04/07/2026 03:30:00;124,75
04/07/2026 03:30:00 - 04/07/2026 03:45:00;121,62
04/07/2026 03:45:00 - 04/07/2026 04:00:00;119,42
04/07/2026 04:00:00 - 04/07/2026 04:15:00;114,16
04/07/2026 04:15:00 - 04/07/2026 04:30:00;111,83
04/07/2026 04:30:00 - 04/07/2026 04:45:00;110,56
04/07/2026 04:45:00 - 04/07/2026 05:00:00;110
04/07/2026 05:00:00 - 04/07/2026 05:15:00;107,32
04/07/2026 05:15:00 - 04/07/2026 05:30:00;107,77
04/07/2026 05:30:00 - 04/07/2026 05:45:00;102
04/07/2026 05:45:00 - 04/07/2026 06:00:00;94,5
04/07/2026 06:00:00 - 04/07/2026 06:15:00;109,58
04/07/2026 06:15:00 - 04/07/2026 06:30:00;104,61
04/07/2026 06:30:00 - 04/07/2026 06:45:00;91,25
04/07/2026 06:45:00 - 04/07/2026 07:00:00;75,35
04/07/2026 07:00:00 - 04/07/2026 07:15:00;108,95
04/07/2026 07:15:00 - 04/07/2026 07:30:00;88,41
04/07/2026 07:30:00 - 04/07/2026 07:45:00;63,13
04/07/2026 07:45:00 - 04/07/2026 08:00:00;44,76
04/07/2026 08:00:00 - 04/07/2026 08:15:00;64,9
04/07/2026 08:15:00 - 04/07/2026 08:30:00;21,21
04/07/2026 08:30:00 - 04/07/2026 08:45:00;12,79
04/07/2026 08:45:00 - 04/07/2026 09:00:00;5,1
04/07/2026 09:00:00 - 04/07/2026 09:15:00;4,17
04/07/2026 09:15:00 - 04/07/2026 09:30:00;0,06
04/07/2026 09:30:00 - 04/07/2026 09:45:00;0
04/07/2026 09:45:00 - 04/07/2026 10:00:00;0
04/07/2026 10:00:00 - 04/07/2026 10:15:00;0
04/07/2026 10:15:00 - 04/07/2026 10:30:00;0
04/07/2026 10:30:00 - 04/07/2026 10:45:00;0
04/07/2026 10:45:00 - 04/07/2026 11:00:00;-0,01
04/07/2026 11:00:00 - 04/07/2026 11:15:00;0
04/07/2026 11:15:00 - 04/07/2026 11:30:00;0
04/07/2026 11:30:00 - 04/07/2026 11:45:00;0
04/07/2026 11:45:00 - 04/07/2026 12:00:00;0
04/07/2026 12:00:00 - 04/07/2026 12:15:00;0
04/07/2026 12:15:00 - 04/07/2026 12:30:00;0
04/07/2026 12:30:00 - 04/07/2026 12:45:00;0
04/07/2026 12:45:00 - 04/07/2026 13:00:00;0
04/07/2026 13:00:00 - 04/07/2026 13:15:00;0
04/07/2026 13:15:00 - 04/07/2026 13:30:00;0
04/07/2026 13:30:00 - 04/07/2026 13:45:00;0
04/07/2026 13:45:00 - 04/07/2026 14:00:00;0
04/07/2026 14:00:00 - 04/07/2026 14:15:00;0
04/07/2026 14:15:00 - 04/07/2026 14:30:00;0
04/07/2026 14:30:00 - 04/07/2026 14:45:00;0
04/07/2026 14:45:00 - 04/07/2026 15:00:00;0
04/07/2026 15:00:00 - 04/07/2026 15:15:00;-0,01
04/07/2026 15:15:00 - 04/07/2026 15:30:00;-0,01
04/07/2026 15:30:00 - 04/07/2026 15:45:00;-0,01
04/07/2026 15:45:00 - 04/07/2026 16:00:00;0
04/07/2026 16:00:00 - 04/07/2026 16:15:00;0
04/07/2026 16:15:00 - 04/07/2026 16:30:00;0,01
04/07/2026 16:30:00 - 04/07/2026 16:45:00;0,02
04/07/2026 16:45:00 - 04/07/2026 17:00:00;1,77
04/07/2026 17:00:00 - 04/07/2026 17:15:00;5,05
04/07/2026 17:15:00 - 04/07/2026 17:30:00;10,94
04/07/2026 17:30:00 - 04/07/2026 17:45:00;51,71
04/07/2026 17:45:00 - 04/07/2026 18:00:00;84,84
04/07/2026 18:00:00 - 04/07/2026 18:15:00;70,23
04/07/2026 18:15:00 - 04/07/2026 18:30:00;85,35
04/07/2026 18:30:00 - 04/07/2026 18:45:00;119,44
04/07/2026 18:45:00 - 04/07/2026 19:00:00;126,1
04/07/2026 19:00:00 - 04/07/2026 19:15:00;124,26
04/07/2026 19:15:00 - 04/07/2026 19:30:00;131
04/07/2026 19:30:00 - 04/07/2026 19:45:00;123,73
04/07/2026 19:45:00 - 04/07/2026 20:00:00;141
04/07/2026 20:00:00 - 04/07/2026 20:15:00;122,56
04/07/2026 20:15:00 - 04/07/2026 20:30:00;124,19
04/07/2026 20:30:00 - 04/07/2026 20:45:00;130,38
04/07/2026 20:45:00 - 04/07/2026 21:00:00;140,52
04/07/2026 21:00:00 - 04/07/2026 21:15:00;138,19
04/07/2026 21:15:00 - 04/07/2026 21:30:00;137,9
04/07/2026 21:30:00 - 04/07/2026 21:45:00;136,4
04/07/2026 21:45:00 - 04/07/2026 22:00:00;132,49
04/07/2026 22:00:00 - 04/07/2026 22:15:00;155,75
04/07/2026 22:15:00 - 04/07/2026 22:30:00;155,78
04/07/2026 22:30:00 - 04/07/2026 22:45:00;167,5
04/07/2026 22:45:00 - 04/07/2026 23:00:00;161
04/07/2026 23:00:00 - 04/07/2026 23:15:00;170,5
04/07/2026 23:15:00 - 04/07/2026 23:30:00;157,21
04/07/2026 23:30:00 - 04/07/2026 23:45:00;142,11
04/07/2026 23:45:00 - 05/07/2026 00:00:00;154,2
05/07/2026 00:00:00 - 05/07/2026 00:15:00;133,66
05/07/2026 00:15:00 - 05/07/2026 00:30:00;133,23
05/07/2026 00:30:00 - 05/07/2026 00:45:00;140,42
05/07/2026 00:45:00 - 05/07/2026 01:00:00;126,86
05/07/2026 01:00:00 - 05/07/2026 01:15:00;167,8
05/07/2026 01:15:00 - 05/07/2026 01:30:00;145,95
05/07/2026 01:30:00 - 05/07/2026 01:45:00;139,93
05/07/2026 01:45:00 - 05/07/2026 02:00:00;126,32
05/07/2026 02:00:00 - 05/07/2026 02:15:00;121,63
05/07/2026 02:15:00 - 05/07/2026 02:30:00;110,14
05/07/2026 02:30:00 - 05/07/2026 02:45:00;109,92
05/07/2026 02:45:00 - 05/07/2026 03:00:00;107,65
05/07/2026 03:00:00 - 05/07/2026 03:15:00;110,52
05/07/2026 03:15:00 - 05/07/2026 03:30:00;112,84
05/07/2026 03:30:00 - 05/07/2026 03:45:00;112,39
05/07/2026 03:45:00 - 05/07/2026 04:00:00;111,09
05/07/2026 04:00:00 - 05/07/2026 04:15:00;110,04
05/07/2026 04:15:00 - 05/07/2026 04:30:00;110,25
05/07/2026 04:30:00 - 05/07/2026 04:45:00;111,05
05/07/2026 04:45:00 - 05/07/2026 05:00:00;108,48
05/07/2026 05:00:00 - 05/07/2026 05:15:00;112,58
05/07/2026 05:15:00 - 05/07/2026 05:30:00;112,29
05/07/2026 05:30:00 - 05/07/2026 05:45:00;104,01
05/07/2026 05:45:00 - 05/07/2026 06:00:00;88,5
05/07/2026 06:00:00 - 05/07/2026 06:15:00;114,44
05/07/2026 06:15:00 - 05/07/2026 06:30:00;104,44
05/07/2026 06:30:00 - 05/07/2026 06:45:00;81,12
05/07/2026 06:45:00 - 05/07/2026 07:00:00;53,84
05/07/2026 07:00:00 - 05/07/2026 07:15:00;70,85
05/07/2026 07:15:00 - 05/07/2026 07:30:00;18,71
05/07/2026 07:30:00 - 05/07/2026 07:45:00;9,99
05/07/2026 07:45:00 - 05/07/2026 08:00:00;8,44
05/07/2026 08:00:00 - 05/07/2026 08:15:00;11,09
05/07/2026 08:15:00 - 05/07/2026 08:30:00;10
05/07/2026 08:30:00 - 05/07/2026 08:45:00;5,57
05/07/2026 08:45:00 - 05/07/2026 09:00:00;3,24
05/07/2026 09:00:00 - 05/07/2026 09:15:00;3,33
05/07/2026 09:15:00 - 05/07/2026 09:30:00;0,98
05/07/2026 09:30:00 - 05/07/2026 09:45:00;0,01
05/07/2026 09:45:00 - 05/07/2026 10:00:00;0
05/07/2026 10:00:00 - 05/07/2026 10:15:00;0
05/07/2026 10:15:00 - 05/07/2026 10:30:00;-0,01
05/07/2026 10:30:00 - 05/07/2026 10:45:00;-0,01
05/07/2026 10:45:00 - 05/07/2026 11:00:00;-0,02
05/07/2026 11:00:00 - 05/07/2026 11:15:00;0
05/07/2026 11:15:00 - 05/07/2026 11:30:00;0
05/07/2026 11:30:00 - 05/07/2026 11:45:00;-0,01
05/07/2026 11:45:00 - 05/07/2026 12:00:00;-0,01
05/07/2026 12:00:00 - 05/07/2026 12:15:00;0
05/07/2026 12:15:00 - 05/07/2026 12:30:00;0
05/07/2026 12:30:00 - 05/07/2026 12:45:00;0
05/07/2026 12:45:00 - 05/07/2026 13:00:00;0
05/07/2026 13:00:00 - 05/07/2026 13:15:00;-0,01
05/07/2026 13:15:00 - 05/07/2026 13:30:00;-0,01
05/07/2026 13:30:00 - 05/07/2026 13:45:00;-0,01
05/07/2026 13:45:00 - 05/07/2026 14:00:00;-0,01
05/07/2026 14:00:00 - 05/07/2026 14:15:00;-0,01
05/07/2026 14:15:00 - 05/07/2026 14:30:00;0
05/07/2026 14:30:00 - 05/07/2026 14:45:00;0
05/07/2026 14:45:00 - 05/07/2026 15:00:00;0
05/07/2026 15:00:00 - 05/07/2026 15:15:00;0
05/07/2026 15:15:00 - 05/07/2026 15:30:00;0
05/07/2026 15:30:00 - 05/07/2026 15:45:00;0
05/07/2026 15:45:00 - 05/07/2026 16:00:00;0
05/07/2026 16:00:00 - 05/07/2026 16:15:00;0,01
05/07/2026 16:15:00 - 05/07/2026 16:30:00;0,04
05/07/2026 16:30:00 - 05/07/2026 16:45:00;0,44
05/07/2026 16:45:00 - 05/07/2026 17:00:00;8,4
05/07/2026 17:00:00 - 05/07/2026 17:15:00;0,1
05/07/2026 17:15:00 - 05/07/2026 17:30:00;9,59
05/07/2026 17:30:00 - 05/07/2026 17:45:00;102,36
05/07/2026 17:45:00 - 05/07/2026 18:00:00;147,51
05/07/2026 18:00:00 - 05/07/2026 18:15:00;93,08
05/07/2026 18:15:00 - 05/07/2026 18:30:00;137,32
05/07/2026 18:30:00 - 05/07/2026 18:45:00;164,8
05/07/2026 18:45:00 - 05/07/2026 19:00:00;164,8
05/07/2026 19:00:00 - 05/07/2026 19:15:00;119,14
05/07/2026 19:15:00 - 05/07/2026 19:30:00;124,25
05/07/2026 19:30:00 - 05/07/2026 19:45:00;132,08
05/07/2026 19:45:00 - 05/07/2026 20:00:00;153,16
05/07/2026 20:00:00 - 05/07/2026 20:15:00;122,75
05/07/2026 20:15:00 - 05/07/2026 20:30:00;140,42
05/07/2026 20:30:00 - 05/07/2026 20:45:00;140,42
05/07/2026 20:45:00 - 05/07/2026 21:00:00;145,74
05/07/2026 21:00:00 - 05/07/2026 21:15:00;130,9
05/07/2026 21:15:00 - 05/07/2026 21:30:00;133,46
05/07/2026 21:30:00 - 05/07/2026 21:45:00;133,56
05/07/2026 21:45:00 - 05/07/2026 22:00:00;138,96
05/07/2026 22:00:00 - 05/07/2026 22:15:00;143,24
05/07/2026 22:15:00 - 05/07/2026 22:30:00;139,01
05/07/2026 22:30:00 - 05/07/2026 22:45:00;137,29
05/07/2026 22:45:00 - 05/07/2026 23:00:00;129,5
05/07/2026 23:00:00 - 05/07/2026 23:15:00;150
05/07/2026 23:15:00 - 05/07/2026 23:30:00;130
05/07/2026 23:30:00 - 05/07/2026 23:45:00;139,65
05/07/2026 23:45:00 - 06/07/2026 00:00:00;130,98
06/07/2026 00:00:00 - 06/07/2026 00:15:00;154
06/07/2026 00:15:00 - 06/07/2026 00:30:00;153,54
06/07/2026 00:30:00 - 06/07/2026 00:45:00;146,03
06/07/2026 00:45:00 - 06/07/2026 01:00:00;127,4
06/07/2026 01:00:00 - 06/07/2026 01:15:00;151,2
06/07/2026 01:15:00 - 06/07/2026 01:30:00;131,07
06/07/2026 01:30:00 - 06/07/2026 01:45:00;129,07
06/07/2026 01:45:00 - 06/07/2026 02:00:00;127,05
06/07/2026 02:00:00 - 06/07/2026 02:15:00;134,13
06/07/2026 02:15:00 - 06/07/2026 02:30:00;128,28
06/07/2026 02:30:00 - 06/07/2026 02:45:00;128,83
06/07/2026 02:45:00 - 06/07/2026 03:00:00;127,19
06/07/2026 03:00:00 - 06/07/2026 03:15:00;124,14
06/07/2026 03:15:00 - 06/07/2026 03:30:00;123,94
06/07/2026 03:30:00 - 06/07/2026 03:45:00;126
06/07/2026 03:45:00 - 06/07/2026 04:00:00;126,81
06/07/2026 04:00:00 - 06/07/2026 04:15:00;124,05
06/07/2026 04:15:00 - 06/07/2026 04:30:00;122,77
06/07/2026 04:30:00 - 06/07/2026 04:45:00;125,79
06/07/2026 04:45:00 - 06/07/2026 05:00:00;128,82
06/07/2026 05:00:00 - 06/07/2026 05:15:00;127,16
06/07/2026 05:15:00 - 06/07/2026 05:30:00;129,25
06/07/2026 05:30:00 - 06/07/2026 05:45:00;131,88
06/07/2026 05:45:00 - 06/07/2026 06:00:00;144
06/07/2026 06:00:00 - 06/07/2026 06:15:00;131
06/07/2026 06:15:00 - 06/07/2026 06:30:00;138,58
06/07/2026 06:30:00 - 06/07/2026 06:45:00;139,87
06/07/2026 06:45:00 - 06/07/2026 07:00:00;136,63
06/07/2026 07:00:00 - 06/07/2026 07:15:00;146,34
06/07/2026 07:15:00 - 06/07/2026 07:30:00;140,94
06/07/2026 07:30:00 - 06/07/2026 07:45:00;131,76
06/07/2026 07:45:00 - 06/07/2026 08:00:00;122,91
06/07/2026 08:00:00 - 06/07/2026 08:15:00;110
06/07/2026 08:15:00 - 06/07/2026 08:30:00;56,53
06/07/2026 08:30:00 - 06/07/2026 08:45:00;45
06/07/2026 08:45:00 - 06/07/2026 09:00:00;12,78
06/07/2026 09:00:00 - 06/07/2026 09:15:00;94,75
06/07/2026 09:15:00 - 06/07/2026 09:30:00;45
06/07/2026 09:30:00 - 06/07/2026 09:45:00;13,63
06/07/2026 09:45:00 - 06/07/2026 10:00:00;12,79
06/07/2026 10:00:00 - 06/07/2026 10:15:00;90,01
06/07/2026 10:15:00 - 06/07/2026 10:30:00;75,87
06/07/2026 10:30:00 - 06/07/2026 10:45:00;55,3
06/07/2026 10:45:00 - 06/07/2026 11:00:00;49,59
06/07/2026 11:00:00 - 06/07/2026 11:15:00;75,64
06/07/2026 11:15:00 - 06/07/2026 11:30:00;71,78
06/07/2026 11:30:00 - 06/07/2026 11:45:00;65,78
06/07/2026 11:45:00 - 06/07/2026 12:00:00;53,29
06/07/2026 12:00:00 - 06/07/2026 12:15:00;56,9
06/07/2026 12:15:00 - 06/07/2026 12:30:00;49,27
06/07/2026 12:30:00 - 06/07/2026 12:45:00;39,73
06/07/2026 12:45:00 - 06/07/2026 13:00:00;27,75
06/07/2026 13:00:00 - 06/07/2026 13:15:00;50,56
06/07/2026 13:15:00 - 06/07/2026 13:30:00;32,17
06/07/2026 13:30:00 - 06/07/2026 13:45:00;34,99
06/07/2026 13:45:00 - 06/07/2026 14:00:00;28,95
06/07/2026 14:00:00 - 06/07/2026 14:15:00;25,68
06/07/2026 14:15:00 - 06/07/2026 14:30:00;32,23
06/07/2026 14:30:00 - 06/07/2026 14:45:00;43
06/07/2026 14:45:00 - 06/07/2026 15:00:00;48,73
06/07/2026 15:00:00 - 06/07/2026 15:15:00;27,24
06/07/2026 15:15:00 - 06/07/2026 15:30:00;38,78
06/07/2026 15:30:00 - 06/07/2026 15:45:00;32,16
06/07/2026 15:45:00 - 06/07/2026 16:00:00;60,05
06/07/2026 16:00:00 - 06/07/2026 16:15:00;34,99
06/07/2026 16:15:00 - 06/07/2026 16:30:00;76,21
06/07/2026 16:30:00 - 06/07/2026 16:45:00;109,92
06/07/2026 16:45:00 - 06/07/2026 17:00:00;128,69
06/07/2026 17:00:00 - 06/07/2026 17:15:00;84,5
06/07/2026 17:15:00 - 06/07/2026 17:30:00;113,92
06/07/2026 17:30:00 - 06/07/2026 17:45:00;125,15
06/07/2026 17:45:00 - 06/07/2026 18:00:00;147,3
06/07/2026 18:00:00 - 06/07/2026 18:15:00;133,06
06/07/2026 18:15:00 - 06/07/2026 18:30:00;162,49
06/07/2026 18:30:00 - 06/07/2026 18:45:00;174,26
06/07/2026 18:45:00 - 06/07/2026 19:00:00;167,51
06/07/2026 19:00:00 - 06/07/2026 19:15:00;160,75
06/07/2026 19:15:00 - 06/07/2026 19:30:00;162,99
06/07/2026 19:30:00 - 06/07/2026 19:45:00;171,54
06/07/2026 19:45:00 - 06/07/2026 20:00:00;176,39
06/07/2026 20:00:00 - 06/07/2026 20:15:00;163
06/07/2026 20:15:00 - 06/07/2026 20:30:00;210
06/07/2026 20:30:00 - 06/07/2026 20:45:00;162,12
06/07/2026 20:45:00 - 06/07/2026 21:00:00;163,22
06/07/2026 21:00:00 - 06/07/2026 21:15:00;152,97
06/07/2026 21:15:00 - 06/07/2026 21:30:00;156,95
06/07/2026 21:30:00 - 06/07/2026 21:45:00;154,82
06/07/2026 21:45:00 - 06/07/2026 22:00:00;145,78
06/07/2026 22:00:00 - 06/07/2026 22:15:00;168,29
06/07/2026 22:15:00 - 06/07/2026 22:30:00;166,51
06/07/2026 22:30:00 - 06/07/2026 22:45:00;160,43
06/07/2026 22:45:00 - 06/07/2026 23:00:00;162,12
06/07/2026 23:00:00 - 06/07/2026 23:15:00;158,98
06/07/2026 23:15:00 - 06/07/2026 23:30:00;139,47
06/07/2026 23:30:00 - 06/07/2026 23:45:00;140,19
06/07/2026 23:45:00 - 07/07/2026 00:00:00;131,39
07/07/2026 00:00:00 - 07/07/2026 00:15:00;166,44
07/07/2026 00:15:00 - 07/07/2026 00:30:00;156,63
07/07/2026 00:30:00 - 07/07/2026 00:45:00;139,63
07/07/2026 00:45:00 - 07/07/2026 01:00:00;127,62
07/07/2026 01:00:00 - 07/07/2026 01:15:00;148,09
07/07/2026 01:15:00 - 07/07/2026 01:30:00;128,6
07/07/2026 01:30:00 - 07/07/2026 01:45:00;126,1
07/07/2026 01:45:00 - 07/07/2026 02:00:00;122,63
07/07/2026 02:00:00 - 07/07/2026 02:15:00;124,01
07/07/2026 02:15:00 - 07/07/2026 02:30:00;115,17
07/07/2026 02:30:00 - 07/07/2026 02:45:00;106,36
07/07/2026 02:45:00 - 07/07/2026 03:00:00;104,01
07/07/2026 03:00:00 - 07/07/2026 03:15:00;106,72
07/07/2026 03:15:00 - 07/07/2026 03:30:00;103,11
07/07/2026 03:30:00 - 07/07/2026 03:45:00;103,14
07/07/2026 03:45:00 - 07/07/2026 04:00:00;108,31
07/07/2026 04:00:00 - 07/07/2026 04:15:00;110
07/07/2026 04:15:00 - 07/07/2026 04:30:00;110
07/07/2026 04:30:00 - 07/07/2026 04:45:00;110
07/07/2026 04:45:00 - 07/07/2026 05:00:00;113,46
07/07/2026 05:00:00 - 07/07/2026 05:15:00;118,94
07/07/2026 05:15:00 - 07/07/2026 05:30:00;125
07/07/2026 05:30:00 - 07/07/2026 05:45:00;128,7
07/07/2026 05:45:00 - 07/07/2026 06:00:00;129,21
07/07/2026 06:00:00 - 07/07/2026 06:15:00;128,68
07/07/2026 06:15:00 - 07/07/2026 06:30:00;142,9
07/07/2026 06:30:00 - 07/07/2026 06:45:00;147,99
07/07/2026 06:45:00 - 07/07/2026 07:00:00;132
07/07/2026 07:00:00 - 07/07/2026 07:15:00;150,04
07/07/2026 07:15:00 - 07/07/2026 07:30:00;132,11
07/07/2026 07:30:00 - 07/07/2026 07:45:00;119,32
07/07/2026 07:45:00 - 07/07/2026 08:00:00;110,8
07/07/2026 08:00:00 - 07/07/2026 08:15:00;114,23
07/07/2026 08:15:00 - 07/07/2026 08:30:00;97,32
07/07/2026 08:30:00 - 07/07/2026 08:45:00;104,5
07/07/2026 08:45:00 - 07/07/2026 09:00:00;48,5
07/07/2026 09:00:00 - 07/07/2026 09:15:00;104,5
07/07/2026 09:15:00 - 07/07/2026 09:30:00;21,44
07/07/2026 09:30:00 - 07/07/2026 09:45:00;11,09
07/07/2026 09:45:00 - 07/07/2026 10:00:00;12,78
07/07/2026 10:00:00 - 07/07/2026 10:15:00;44,88
07/07/2026 10:15:00 - 07/07/2026 10:30:00;43,51
07/07/2026 10:30:00 - 07/07/2026 10:45:00;40
07/07/2026 10:45:00 - 07/07/2026 11:00:00;21,19
07/07/2026 11:00:00 - 07/07/2026 11:15:00;45,4
07/07/2026 11:15:00 - 07/07/2026 11:30:00;24,36
07/07/2026 11:30:00 - 07/07/2026 11:45:00;15,33
07/07/2026 11:45:00 - 07/07/2026 12:00:00;15,33
07/07/2026 12:00:00 - 07/07/2026 12:15:00;15,5
07/07/2026 12:15:00 - 07/07/2026 12:30:00;13,63
07/07/2026 12:30:00 - 07/07/2026 12:45:00;18,88
07/07/2026 12:45:00 - 07/07/2026 13:00:00;15,98
07/07/2026 13:00:00 - 07/07/2026 13:15:00;43,41
07/07/2026 13:15:00 - 07/07/2026 13:30:00;18,4
07/07/2026 13:30:00 - 07/07/2026 13:45:00;13,84
07/07/2026 13:45:00 - 07/07/2026 14:00:00;12,37
07/07/2026 14:00:00 - 07/07/2026 14:15:00;12,78
07/07/2026 14:15:00 - 07/07/2026 14:30:00;15,33
07/07/2026 14:30:00 - 07/07/2026 14:45:00;24,04
07/07/2026 14:45:00 - 07/07/2026 15:00:00;15,34
07/07/2026 15:00:00 - 07/07/2026 15:15:00;12,78
07/07/2026 15:15:00 - 07/07/2026 15:30:00;26,1
07/07/2026 15:30:00 - 07/07/2026 15:45:00;39,99
07/07/2026 15:45:00 - 07/07/2026 16:00:00;70,61
07/07/2026 16:00:00 - 07/07/2026 16:15:00;29,57
07/07/2026 16:15:00 - 07/07/2026 16:30:00;97,36
07/07/2026 16:30:00 - 07/07/2026 16:45:00;117,45
07/07/2026 16:45:00 - 07/07/2026 17:00:00;132,75
07/07/2026 17:00:00 - 07/07/2026 17:15:00;95,24
07/07/2026 17:15:00 - 07/07/2026 17:30:00;118,05
07/07/2026 17:30:00 - 07/07/2026 17:45:00;132,3
07/07/2026 17:45:00 - 07/07/2026 18:00:00;162,96
07/07/2026 18:00:00 - 07/07/2026 18:15:00;124,22
07/07/2026 18:15:00 - 07/07/2026 18:30:00;149,99
07/07/2026 18:30:00 - 07/07/2026 18:45:00;143,29
07/07/2026 18:45:00 - 07/07/2026 19:00:00;166,25
07/07/2026 19:00:00 - 07/07/2026 19:15:00;144,71
07/07/2026 19:15:00 - 07/07/2026 19:30:00;172,54
07/07/2026 19:30:00 - 07/07/2026 19:45:00;172,54
07/07/2026 19:45:00 - 07/07/2026 20:00:00;170,14
07/07/2026 20:00:00 - 07/07/2026 20:15:00;170,14
07/07/2026 20:15:00 - 07/07/2026 20:30:00;176,78
07/07/2026 20:30:00 - 07/07/2026 20:45:00;177,42
07/07/2026 20:45:00 - 07/07/2026 21:00:00;172,54
07/07/2026 21:00:00 - 07/07/2026 21:15:00;180,01
07/07/2026 21:15:00 - 07/07/2026 21:30:00;172,52
07/07/2026 21:30:00 - 07/07/2026 21:45:00;157,5
07/07/2026 21:45:00 - 07/07/2026 22:00:00;152,49
07/07/2026 22:00:00 - 07/07/2026 22:15:00;170,14
07/07/2026 22:15:00 - 07/07/2026 22:30:00;142,24
07/07/2026 22:30:00 - 07/07/2026 22:45:00;170,14
07/07/2026 22:45:00 - 07/07/2026 23:00:00;150,48
07/07/2026 23:00:00 - 07/07/2026 23:15:00;172,14
07/07/2026 23:15:00 - 07/07/2026 23:30:00;162,75
07/07/2026 23:30:00 - 07/07/2026 23:45:00;158,7
07/07/2026 23:45:00 - 08/07/2026 00:00:00;146,27
08/07/2026 00:00:00 - 08/07/2026 00:15:00;158,35
08/07/2026 00:15:00 - 08/07/2026 00:30:00;158,74
08/07/2026 00:30:00 - 08/07/2026 00:45:00;154,96
08/07/2026 00:45:00 - 08/07/2026 01:00:00;152,36
08/07/2026 01:00:00 - 08/07/2026 01:15:00;153,06
08/07/2026 01:15:00 - 08/07/2026 01:30:00;145,4
08/07/2026 01:30:00 - 08/07/2026 01:45:00;142,08
08/07/2026 01:45:00 - 08/07/2026 02:00:00;130,46
08/07/2026 02:00:00 - 08/07/2026 02:15:00;147,2
08/07/2026 02:15:00 - 08/07/2026 02:30:00;137,14
08/07/2026 02:30:00 - 08/07/2026 02:45:00;134,23
08/07/2026 02:45:00 - 08/07/2026 03:00:00;129,63
08/07/2026 03:00:00 - 08/07/2026 03:15:00;130,62
08/07/2026 03:15:00 - 08/07/2026 03:30:00;130,92
08/07/2026 03:30:00 - 08/07/2026 03:45:00;129,73
08/07/2026 03:45:00 - 08/07/2026 04:00:00;131,3
08/07/2026 04:00:00 - 08/07/2026 04:15:00;118,56
08/07/2026 04:15:00 - 08/07/2026 04:30:00;128,6
08/07/2026 04:30:00 - 08/07/2026 04:45:00;135,68
08/07/2026 04:45:00 - 08/07/2026 05:00:00;140,13
08/07/2026 05:00:00 - 08/07/2026 05:15:00;165,2
08/07/2026 05:15:00 - 08/07/2026 05:30:00;167
08/07/2026 05:30:00 - 08/07/2026 05:45:00;165,2
08/07/2026 05:45:00 - 08/07/2026 06:00:00;155,93
08/07/2026 06:00:00 - 08/07/2026 06:15:00;166,2
08/07/2026 06:15:00 - 08/07/2026 06:30:00;167
08/07/2026 06:30:00 - 08/07/2026 06:45:00;162,32
08/07/2026 06:45:00 - 08/07/2026 07:00:00;159,8
08/07/2026 07:00:00 - 08/07/2026 07:15:00;169,2
08/07/2026 07:15:00 - 08/07/2026 07:30:00;166,25
08/07/2026 07:30:00 - 08/07/2026 07:45:00;146,48
08/07/2026 07:45:00 - 08/07/2026 08:00:00;115,8
08/07/2026 08:00:00 - 08/07/2026 08:15:00;116,25
08/07/2026 08:15:00 - 08/07/2026 08:30:00;105,86
08/07/2026 08:30:00 - 08/07/2026 08:45:00;18,74
08/07/2026 08:45:00 - 08/07/2026 09:00:00;12,77
08/07/2026 09:00:00 - 08/07/2026 09:15:00;110
08/07/2026 09:15:00 - 08/07/2026 09:30:00;48,7
08/07/2026 09:30:00 - 08/07/2026 09:45:00;12,8
08/07/2026 09:45:00 - 08/07/2026 10:00:00;12,79
08/07/2026 10:00:00 - 08/07/2026 10:15:00;15,01
08/07/2026 10:15:00 - 08/07/2026 10:30:00;61,71
08/07/2026 10:30:00 - 08/07/2026 10:45:00;64,6
08/07/2026 10:45:00 - 08/07/2026 11:00:00;62,51
08/07/2026 11:00:00 - 08/07/2026 11:15:00;93,92
08/07/2026 11:15:00 - 08/07/2026 11:30:00;75,68
08/07/2026 11:30:00 - 08/07/2026 11:45:00;79,99
08/07/2026 11:45:00 - 08/07/2026 12:00:00;63,98
08/07/2026 12:00:00 - 08/07/2026 12:15:00;74,47
08/07/2026 12:15:00 - 08/07/2026 12:30:00;80
08/07/2026 12:30:00 - 08/07/2026 12:45:00;89,99
08/07/2026 12:45:00 - 08/07/2026 13:00:00;76,79
08/07/2026 13:00:00 - 08/07/2026 13:15:00;103,36
08/07/2026 13:15:00 - 08/07/2026 13:30:00;95
08/07/2026 13:30:00 - 08/07/2026 13:45:00;72,96
08/07/2026 13:45:00 - 08/07/2026 14:00:00;43,8
08/07/2026 14:00:00 - 08/07/2026 14:15:00;39,36
08/07/2026 14:15:00 - 08/07/2026 14:30:00;52,74
08/07/2026 14:30:00 - 08/07/2026 14:45:00;56,93
08/07/2026 14:45:00 - 08/07/2026 15:00:00;60
08/07/2026 15:00:00 - 08/07/2026 15:15:00;54,29
08/07/2026 15:15:00 - 08/07/2026 15:30:00;62,7
08/07/2026 15:30:00 - 08/07/2026 15:45:00;71,57
08/07/2026 15:45:00 - 08/07/2026 16:00:00;111,15
08/07/2026 16:00:00 - 08/07/2026 16:15:00;61,61
08/07/2026 16:15:00 - 08/07/2026 16:30:00;79,99
08/07/2026 16:30:00 - 08/07/2026 16:45:00;105,34
08/07/2026 16:45:00 - 08/07/2026 17:00:00;122,39
08/07/2026 17:00:00 - 08/07/2026 17:15:00;103,3
08/07/2026 17:15:00 - 08/07/2026 17:30:00;116,24
08/07/2026 17:30:00 - 08/07/2026 17:45:00;137,59
08/07/2026 17:45:00 - 08/07/2026 18:00:00;149,54
08/07/2026 18:00:00 - 08/07/2026 18:15:00;126,07
08/07/2026 18:15:00 - 08/07/2026 18:30:00;135,28
08/07/2026 18:30:00 - 08/07/2026 18:45:00;154,4
08/07/2026 18:45:00 - 08/07/2026 19:00:00;163,15
08/07/2026 19:00:00 - 08/07/2026 19:15:00;127,68
08/07/2026 19:15:00 - 08/07/2026 19:30:00;134,13
08/07/2026 19:30:00 - 08/07/2026 19:45:00;138,16
08/07/2026 19:45:00 - 08/07/2026 20:00:00;151,7
08/07/2026 20:00:00 - 08/07/2026 20:15:00;154,44
08/07/2026 20:15:00 - 08/07/2026 20:30:00;163,15
08/07/2026 20:30:00 - 08/07/2026 20:45:00;163,15
08/07/2026 20:45:00 - 08/07/2026 21:00:00;167,25
08/07/2026 21:00:00 - 08/07/2026 21:15:00;160,09
08/07/2026 21:15:00 - 08/07/2026 21:30:00;161,06
08/07/2026 21:30:00 - 08/07/2026 21:45:00;163,15
08/07/2026 21:45:00 - 08/07/2026 22:00:00;155,9
08/07/2026 22:00:00 - 08/07/2026 22:15:00;167,11
08/07/2026 22:15:00 - 08/07/2026 22:30:00;163,15
08/07/2026 22:30:00 - 08/07/2026 22:45:00;159,51
08/07/2026 22:45:00 - 08/07/2026 23:00:00;147,1
08/07/2026 23:00:00 - 08/07/2026 23:15:00;153,83
08/07/2026 23:15:00 - 08/07/2026 23:30:00;145,16
08/07/2026 23:30:00 - 08/07/2026 23:45:00;144,18
08/07/2026 23:45:00 - 09/07/2026 00:00:00;137,66
09/07/2026 00:00:00 - 09/07/2026 00:15:00;158,04
09/07/2026 00:15:00 - 09/07/2026 00:30:00;149,66
09/07/2026 00:30:00 - 09/07/2026 00:45:00;142,51
09/07/2026 00:45:00 - 09/07/2026 01:00:00;134,73
09/07/2026 01:00:00 - 09/07/2026 01:15:00;144,03
09/07/2026 01:15:00 - 09/07/2026 01:30:00;136,67
09/07/2026 01:30:00 - 09/07/2026 01:45:00;134,05
09/07/2026 01:45:00 - 09/07/2026 02:00:00;131,26
09/07/2026 02:00:00 - 09/07/2026 02:15:00;131,43
09/07/2026 02:15:00 - 09/07/2026 02:30:00;130,36
09/07/2026 02:30:00 - 09/07/2026 02:45:00;128,98
09/07/2026 02:45:00 - 09/07/2026 03:00:00;126,82
09/07/2026 03:00:00 - 09/07/2026 03:15:00;127,18
09/07/2026 03:15:00 - 09/07/2026 03:30:00;126,96
09/07/2026 03:30:00 - 09/07/2026 03:45:00;124,61
09/07/2026 03:45:00 - 09/07/2026 04:00:00;125,18
09/07/2026 04:00:00 - 09/07/2026 04:15:00;122,89
09/07/2026 04:15:00 - 09/07/2026 04:30:00;124,67
09/07/2026 04:30:00 - 09/07/2026 04:45:00;129,26
09/07/2026 04:45:00 - 09/07/2026 05:00:00;133,14
09/07/2026 05:00:00 - 09/07/2026 05:15:00;128,37
09/07/2026 05:15:00 - 09/07/2026 05:30:00;131,66
09/07/2026 05:30:00 - 09/07/2026 05:45:00;135
09/07/2026 05:45:00 - 09/07/2026 06:00:00;141,3
09/07/2026 06:00:00 - 09/07/2026 06:15:00;139,81
09/07/2026 06:15:00 - 09/07/2026 06:30:00;151,2
09/07/2026 06:30:00 - 09/07/2026 06:45:00;150,08
09/07/2026 06:45:00 - 09/07/2026 07:00:00;146,16
09/07/2026 07:00:00 - 09/07/2026 07:15:00;161,82
09/07/2026 07:15:00 - 09/07/2026 07:30:00;151,3
09/07/2026 07:30:00 - 09/07/2026 07:45:00;143,06
09/07/2026 07:45:00 - 09/07/2026 08:00:00;131,5
09/07/2026 08:00:00 - 09/07/2026 08:15:00;154,08
09/07/2026 08:15:00 - 09/07/2026 08:30:00;115,45
09/07/2026 08:30:00 - 09/07/2026 08:45:00;110
09/07/2026 08:45:00 - 09/07/2026 09:00:00;95
09/07/2026 09:00:00 - 09/07/2026 09:15:00;120,54
09/07/2026 09:15:00 - 09/07/2026 09:30:00;95
09/07/2026 09:30:00 - 09/07/2026 09:45:00;95
09/07/2026 09:45:00 - 09/07/2026 10:00:00;30,01
09/07/2026 10:00:00 - 09/07/2026 10:15:00;46,76
09/07/2026 10:15:00 - 09/07/2026 10:30:00;76,79
09/07/2026 10:30:00 - 09/07/2026 10:45:00;60,05
09/07/2026 10:45:00 - 09/07/2026 11:00:00;60,3
09/07/2026 11:00:00 - 09/07/2026 11:15:00;72,38
09/07/2026 11:15:00 - 09/07/2026 11:30:00;81,02
09/07/2026 11:30:00 - 09/07/2026 11:45:00;77,55
09/07/2026 11:45:00 - 09/07/2026 12:00:00;72,02
09/07/2026 12:00:00 - 09/07/2026 12:15:00;74,53
09/07/2026 12:15:00 - 09/07/2026 12:30:00;62,32
09/07/2026 12:30:00 - 09/07/2026 12:45:00;56,36
09/07/2026 12:45:00 - 09/07/2026 13:00:00;49,13
09/07/2026 13:00:00 - 09/07/2026 13:15:00;53,37
09/07/2026 13:15:00 - 09/07/2026 13:30:00;46,53
09/07/2026 13:30:00 - 09/07/2026 13:45:00;34,99
09/07/2026 13:45:00 - 09/07/2026 14:00:00;23,1
09/07/2026 14:00:00 - 09/07/2026 14:15:00;31,8
09/07/2026 14:15:00 - 09/07/2026 14:30:00;34,19
09/07/2026 14:30:00 - 09/07/2026 14:45:00;38,8
09/07/2026 14:45:00 - 09/07/2026 15:00:00;41,55
09/07/2026 15:00:00 - 09/07/2026 15:15:00;39,03
09/07/2026 15:15:00 - 09/07/2026 15:30:00;45,33
09/07/2026 15:30:00 - 09/07/2026 15:45:00;59,83
09/07/2026 15:45:00 - 09/07/2026 16:00:00;73,22
09/07/2026 16:00:00 - 09/07/2026 16:15:00;60,18
09/07/2026 16:15:00 - 09/07/2026 16:30:00;75,35
09/07/2026 16:30:00 - 09/07/2026 16:45:00;86,4
09/07/2026 16:45:00 - 09/07/2026 17:00:00;98,25
09/07/2026 17:00:00 - 09/07/2026 17:15:00;85,1
09/07/2026 17:15:00 - 09/07/2026 17:30:00;103,21
09/07/2026 17:30:00 - 09/07/2026 17:45:00;116,03
09/07/2026 17:45:00 - 09/07/2026 18:00:00;145,11
09/07/2026 18:00:00 - 09/07/2026 18:15:00;131,04
09/07/2026 18:15:00 - 09/07/2026 18:30:00;131,51
09/07/2026 18:30:00 - 09/07/2026 18:45:00;141,25
09/07/2026 18:45:00 - 09/07/2026 19:00:00;165,17
09/07/2026 19:00:00 - 09/07/2026 19:15:00;143,02
09/07/2026 19:15:00 - 09/07/2026 19:30:00;150,98
09/07/2026 19:30:00 - 09/07/2026 19:45:00;169,4
09/07/2026 19:45:00 - 09/07/2026 20:00:00;200,92
09/07/2026 20:00:00 - 09/07/2026 20:15:00;182,4
09/07/2026 20:15:00 - 09/07/2026 20:30:00;194,04
09/07/2026 20:30:00 - 09/07/2026 20:45:00;215,48
09/07/2026 20:45:00 - 09/07/2026 21:00:00;223,18
09/07/2026 21:00:00 - 09/07/2026 21:15:00;219,47
09/07/2026 21:15:00 - 09/07/2026 21:30:00;214,42
09/07/2026 21:30:00 - 09/07/2026 21:45:00;200,77
09/07/2026 21:45:00 - 09/07/2026 22:00:00;187,67
09/07/2026 22:00:00 - 09/07/2026 22:15:00;201,53
09/07/2026 22:15:00 - 09/07/2026 22:30:00;184,62
09/07/2026 22:30:00 - 09/07/2026 22:45:00;174,8
09/07/2026 22:45:00 - 09/07/2026 23:00:00;164,71
09/07/2026 23:00:00 - 09/07/2026 23:15:00;171,47
09/07/2026 23:15:00 - 09/07/2026 23:30:00;163,15
09/07/2026 23:30:00 - 09/07/2026 23:45:00;155,8
09/07/2026 23:45:00 - 10/07/2026 00:00:00;155,78
10/07/2026 00:00:00 - 10/07/2026 00:15:00;166,13
10/07/2026 00:15:00 - 10/07/2026 00:30:00;154,65
10/07/2026 00:30:00 - 10/07/2026 00:45:00;149,48
10/07/2026 00:45:00 - 10/07/2026 01:00:00;139,65
10/07/2026 01:00:00 - 10/07/2026 01:15:00;149,61
10/07/2026 01:15:00 - 10/07/2026 01:30:00;143,7
10/07/2026 01:30:00 - 10/07/2026 01:45:00;142,3
10/07/2026 01:45:00 - 10/07/2026 02:00:00;136,8
10/07/2026 02:00:00 - 10/07/2026 02:15:00;141,98
10/07/2026 02:15:00 - 10/07/2026 02:30:00;141,16
10/07/2026 02:30:00 - 10/07/2026 02:45:00;137,38
10/07/2026 02:45:00 - 10/07/2026 03:00:00;136,02
10/07/2026 03:00:00 - 10/07/2026 03:15:00;138,55
10/07/2026 03:15:00 - 10/07/2026 03:30:00;137,68
10/07/2026 03:30:00 - 10/07/2026 03:45:00;137,7
10/07/2026 03:45:00 - 10/07/2026 04:00:00;137,11
10/07/2026 04:00:00 - 10/07/2026 04:15:00;137,88
10/07/2026 04:15:00 - 10/07/2026 04:30:00;139,08
10/07/2026 04:30:00 - 10/07/2026 04:45:00;138,7
10/07/2026 04:45:00 - 10/07/2026 05:00:00;140,59
10/07/2026 05:00:00 - 10/07/2026 05:15:00;137,91
10/07/2026 05:15:00 - 10/07/2026 05:30:00;141,55
10/07/2026 05:30:00 - 10/07/2026 05:45:00;142,44
10/07/2026 05:45:00 - 10/07/2026 06:00:00;145,32
10/07/2026 06:00:00 - 10/07/2026 06:15:00;145,62
10/07/2026 06:15:00 - 10/07/2026 06:30:00;153,48
10/07/2026 06:30:00 - 10/07/2026 06:45:00;152,25
10/07/2026 06:45:00 - 10/07/2026 07:00:00;150,08
10/07/2026 07:00:00 - 10/07/2026 07:15:00;157,16
10/07/2026 07:15:00 - 10/07/2026 07:30:00;153,35
10/07/2026 07:30:00 - 10/07/2026 07:45:00;138,71
10/07/2026 07:45:00 - 10/07/2026 08:00:00;120,11
10/07/2026 08:00:00 - 10/07/2026 08:15:00;110
10/07/2026 08:15:00 - 10/07/2026 08:30:00;72,43
10/07/2026 08:30:00 - 10/07/2026 08:45:00;12,78
10/07/2026 08:45:00 - 10/07/2026 09:00:00;8,44
10/07/2026 09:00:00 - 10/07/2026 09:15:00;92,09
10/07/2026 09:15:00 - 10/07/2026 09:30:00;27,83
10/07/2026 09:30:00 - 10/07/2026 09:45:00;13
10/07/2026 09:45:00 - 10/07/2026 10:00:00;12,99
10/07/2026 10:00:00 - 10/07/2026 10:15:00;57,51
10/07/2026 10:15:00 - 10/07/2026 10:30:00;79,34
10/07/2026 10:30:00 - 10/07/2026 10:45:00;30
10/07/2026 10:45:00 - 10/07/2026 11:00:00;30
10/07/2026 11:00:00 - 10/07/2026 11:15:00;89,7
10/07/2026 11:15:00 - 10/07/2026 11:30:00;82,55
10/07/2026 11:30:00 - 10/07/2026 11:45:00;75
10/07/2026 11:45:00 - 10/07/2026 12:00:00;66,81
10/07/2026 12:00:00 - 10/07/2026 12:15:00;63,05
10/07/2026 12:15:00 - 10/07/2026 12:30:00;62,44
10/07/2026 12:30:00 - 10/07/2026 12:45:00;52,74
10/07/2026 12:45:00 - 10/07/2026 13:00:00;40
10/07/2026 13:00:00 - 10/07/2026 13:15:00;43,44
10/07/2026 13:15:00 - 10/07/2026 13:30:00;39
10/07/2026 13:30:00 - 10/07/2026 13:45:00;37
10/07/2026 13:45:00 - 10/07/2026 14:00:00;30
10/07/2026 14:00:00 - 10/07/2026 14:15:00;38,9
10/07/2026 14:15:00 - 10/07/2026 14:30:00;40
10/07/2026 14:30:00 - 10/07/2026 14:45:00;42,91
10/07/2026 14:45:00 - 10/07/2026 15:00:00;41,99
10/07/2026 15:00:00 - 10/07/2026 15:15:00;46,23
10/07/2026 15:15:00 - 10/07/2026 15:30:00;55,83
10/07/2026 15:30:00 - 10/07/2026 15:45:00;65,81
10/07/2026 15:45:00 - 10/07/2026 16:00:00;80,53
10/07/2026 16:00:00 - 10/07/2026 16:15:00;61,2
10/07/2026 16:15:00 - 10/07/2026 16:30:00;83,11
10/07/2026 16:30:00 - 10/07/2026 16:45:00;97,1
10/07/2026 16:45:00 - 10/07/2026 17:00:00;114,06
10/07/2026 17:00:00 - 10/07/2026 17:15:00;103,84
10/07/2026 17:15:00 - 10/07/2026 17:30:00;122,81
10/07/2026 17:30:00 - 10/07/2026 17:45:00;136,05
10/07/2026 17:45:00 - 10/07/2026 18:00:00;161,82
10/07/2026 18:00:00 - 10/07/2026 18:15:00;146,91
10/07/2026 18:15:00 - 10/07/2026 18:30:00;154,5
10/07/2026 18:30:00 - 10/07/2026 18:45:00;163,33
10/07/2026 18:45:00 - 10/07/2026 19:00:00;175,51
10/07/2026 19:00:00 - 10/07/2026 19:15:00;153,16
10/07/2026 19:15:00 - 10/07/2026 19:30:00;158
10/07/2026 19:30:00 - 10/07/2026 19:45:00;170,22
10/07/2026 19:45:00 - 10/07/2026 20:00:00;184,96
10/07/2026 20:00:00 - 10/07/2026 20:15:00;170,85
10/07/2026 20:15:00 - 10/07/2026 20:30:00;178,3
10/07/2026 20:30:00 - 10/07/2026 20:45:00;188,02
10/07/2026 20:45:00 - 10/07/2026 21:00:00;184,6
10/07/2026 21:00:00 - 10/07/2026 21:15:00;185,77
10/07/2026 21:15:00 - 10/07/2026 21:30:00;154,5
10/07/2026 21:30:00 - 10/07/2026 21:45:00;170
10/07/2026 21:45:00 - 10/07/2026 22:00:00;168,56
10/07/2026 22:00:00 - 10/07/2026 22:15:00;172,7
10/07/2026 22:15:00 - 10/07/2026 22:30:00;169,16
10/07/2026 22:30:00 - 10/07/2026 22:45:00;168,55
10/07/2026 22:45:00 - 10/07/2026 23:00:00;161,59
10/07/2026 23:00:00 - 10/07/2026 23:15:00;162,26
10/07/2026 23:15:00 - 10/07/2026 23:30:00;156,32
10/07/2026 23:30:00 - 10/07/2026 23:45:00;153,37
10/07/2026 23:45:00 - 11/07/2026 00:00:00;145,9
11/07/2026 00:00:00 - 11/07/2026 00:15:00;160,31
11/07/2026 00:15:00 - 11/07/2026 00:30:00;161,03
11/07/2026 00:30:00 - 11/07/2026 00:45:00;155,23
11/07/2026 00:45:00 - 11/07/2026 01:00:00;148,8
11/07/2026 01:00:00 - 11/07/2026 01:15:00;154,3
11/07/2026 01:15:00 - 11/07/2026 01:30:00;145
11/07/2026 01:30:00 - 11/07/2026 01:45:00;144,98
11/07/2026 01:45:00 - 11/07/2026 02:00:00;140,41
11/07/2026 02:00:00 - 11/07/2026 02:15:00;145,85
11/07/2026 02:15:00 - 11/07/2026 02:30:00;140,71
11/07/2026 02:30:00 - 11/07/2026 02:45:00;140,45
11/07/2026 02:45:00 - 11/07/2026 03:00:00;140,86
11/07/2026 03:00:00 - 11/07/2026 03:15:00;142,12
11/07/2026 03:15:00 - 11/07/2026 03:30:00;139,88
11/07/2026 03:30:00 - 11/07/2026 03:45:00;138,94
11/07/2026 03:45:00 - 11/07/2026 04:00:00;138,28
11/07/2026 04:00:00 - 11/07/2026 04:15:00;138,82
11/07/2026 04:15:00 - 11/07/2026 04:30:00;143,1
11/07/2026 04:30:00 - 11/07/2026 04:45:00;139,3
11/07/2026 04:45:00 - 11/07/2026 05:00:00;136,86
11/07/2026 05:00:00 - 11/07/2026 05:15:00;137,61
11/07/2026 05:15:00 - 11/07/2026 05:30:00;135,93
11/07/2026 05:30:00 - 11/07/2026 05:45:00;135,08
11/07/2026 05:45:00 - 11/07/2026 06:00:00;131,82
11/07/2026 06:00:00 - 11/07/2026 06:15:00;140,36
11/07/2026 06:15:00 - 11/07/2026 06:30:00;138,1
11/07/2026 06:30:00 - 11/07/2026 06:45:00;131,6
11/07/2026 06:45:00 - 11/07/2026 07:00:00;123,85
11/07/2026 07:00:00 - 11/07/2026 07:15:00;129,86
11/07/2026 07:15:00 - 11/07/2026 07:30:00;124,95
11/07/2026 07:30:00 - 11/07/2026 07:45:00;105,78
11/07/2026 07:45:00 - 11/07/2026 08:00:00;14,5
11/07/2026 08:00:00 - 11/07/2026 08:15:00;142,16
11/07/2026 08:15:00 - 11/07/2026 08:30:00;113,63
11/07/2026 08:30:00 - 11/07/2026 08:45:00;70,05
11/07/2026 08:45:00 - 11/07/2026 09:00:00;13
11/07/2026 09:00:00 - 11/07/2026 09:15:00;95,01
11/07/2026 09:15:00 - 11/07/2026 09:30:00;21,2
11/07/2026 09:30:00 - 11/07/2026 09:45:00;12,78
11/07/2026 09:45:00 - 11/07/2026 10:00:00;11,01
11/07/2026 10:00:00 - 11/07/2026 10:15:00;40
11/07/2026 10:15:00 - 11/07/2026 10:30:00;18,09
11/07/2026 10:30:00 - 11/07/2026 10:45:00;5,18
11/07/2026 10:45:00 - 11/07/2026 11:00:00;1,08
11/07/2026 11:00:00 - 11/07/2026 11:15:00;1
11/07/2026 11:15:00 - 11/07/2026 11:30:00;0,29
11/07/2026 11:30:00 - 11/07/2026 11:45:00;0,02
11/07/2026 11:45:00 - 11/07/2026 12:00:00;0
11/07/2026 12:00:00 - 11/07/2026 12:15:00;0
11/07/2026 12:15:00 - 11/07/2026 12:30:00;0
11/07/2026 12:30:00 - 11/07/2026 12:45:00;0
11/07/2026 12:45:00 - 11/07/2026 13:00:00;0
11/07/2026 13:00:00 - 11/07/2026 13:15:00;0,01
11/07/2026 13:15:00 - 11/07/2026 13:30:00;0,01
11/07/2026 13:30:00 - 11/07/2026 13:45:00;0,01
11/07/2026 13:45:00 - 11/07/2026 14:00:00;0,01
11/07/2026 14:00:00 - 11/07/2026 14:15:00;0,01
11/07/2026 14:15:00 - 11/07/2026 14:30:00;0,01
11/07/2026 14:30:00 - 11/07/2026 14:45:00;0,01
11/07/2026 14:45:00 - 11/07/2026 15:00:00;0,01
11/07/2026 15:00:00 - 11/07/2026 15:15:00;0,47
11/07/2026 15:15:00 - 11/07/2026 15:30:00;1
11/07/2026 15:30:00 - 11/07/2026 15:45:00;0,63
11/07/2026 15:45:00 - 11/07/2026 16:00:00;2,55
11/07/2026 16:00:00 - 11/07/2026 16:15:00;0,67
11/07/2026 16:15:00 - 11/07/2026 16:30:00;7,81
11/07/2026 16:30:00 - 11/07/2026 16:45:00;11,01
11/07/2026 16:45:00 - 11/07/2026 17:00:00;36,96
11/07/2026 17:00:00 - 11/07/2026 17:15:00;14,58
11/07/2026 17:15:00 - 11/07/2026 17:30:00;78,24
11/07/2026 17:30:00 - 11/07/2026 17:45:00;125,13
11/07/2026 17:45:00 - 11/07/2026 18:00:00;149,83
11/07/2026 18:00:00 - 11/07/2026 18:15:00;124,42
11/07/2026 18:15:00 - 11/07/2026 18:30:00;132,48
11/07/2026 18:30:00 - 11/07/2026 18:45:00;145,43
11/07/2026 18:45:00 - 11/07/2026 19:00:00;153,47
11/07/2026 19:00:00 - 11/07/2026 19:15:00;143,25
11/07/2026 19:15:00 - 11/07/2026 19:30:00;154,23
11/07/2026 19:30:00 - 11/07/2026 19:45:00;173,52
11/07/2026 19:45:00 - 11/07/2026 20:00:00;156,47
11/07/2026 20:00:00 - 11/07/2026 20:15:00;152,88
11/07/2026 20:15:00 - 11/07/2026 20:30:00;153,62
11/07/2026 20:30:00 - 11/07/2026 20:45:00;167,1
11/07/2026 20:45:00 - 11/07/2026 21:00:00;160,72
11/07/2026 21:00:00 - 11/07/2026 21:15:00;156,35
11/07/2026 21:15:00 - 11/07/2026 21:30:00;154,63
11/07/2026 21:30:00 - 11/07/2026 21:45:00;157,95
11/07/2026 21:45:00 - 11/07/2026 22:00:00;156,54
11/07/2026 22:00:00 - 11/07/2026 22:15:00;160,01
11/07/2026 22:15:00 - 11/07/2026 22:30:00;155,31
11/07/2026 22:30:00 - 11/07/2026 22:45:00;155,28
11/07/2026 22:45:00 - 11/07/2026 23:00:00;148,95
11/07/2026 23:00:00 - 11/07/2026 23:15:00;155,78
11/07/2026 23:15:00 - 11/07/2026 23:30:00;150,27
11/07/2026 23:30:00 - 11/07/2026 23:45:00;145
11/07/2026 23:45:00 - 12/07/2026 00:00:00;140,78
12/07/2026 00:00:00 - 12/07/2026 00:15:00;140,51
12/07/2026 00:15:00 - 12/07/2026 00:30:00;140
12/07/2026 00:30:00 - 12/07/2026 00:45:00;138,76
12/07/2026 00:45:00 - 12/07/2026 01:00:00;130,5
12/07/2026 01:00:00 - 12/07/2026 01:15:00;135,2
12/07/2026 01:15:00 - 12/07/2026 01:30:00;135
12/07/2026 01:30:00 - 12/07/2026 01:45:00;131,34
12/07/2026 01:45:00 - 12/07/2026 02:00:00;126
12/07/2026 02:00:00 - 12/07/2026 02:15:00;127,94
12/07/2026 02:15:00 - 12/07/2026 02:30:00;126,04
12/07/2026 02:30:00 - 12/07/2026 02:45:00;124,8
12/07/2026 02:45:00 - 12/07/2026 03:00:00;123,5
12/07/2026 03:00:00 - 12/07/2026 03:15:00;127,93
12/07/2026 03:15:00 - 12/07/2026 03:30:00;127,92
12/07/2026 03:30:00 - 12/07/2026 03:45:00;122,85
12/07/2026 03:45:00 - 12/07/2026 04:00:00;121,7
12/07/2026 04:00:00 - 12/07/2026 04:15:00;127
12/07/2026 04:15:00 - 12/07/2026 04:30:00;123,23
12/07/2026 04:30:00 - 12/07/2026 04:45:00;121,11
12/07/2026 04:45:00 - 12/07/2026 05:00:00;120,19
12/07/2026 05:00:00 - 12/07/2026 05:15:00;124
12/07/2026 05:15:00 - 12/07/2026 05:30:00;122,18
12/07/2026 05:30:00 - 12/07/2026 05:45:00;120,54
12/07/2026 05:45:00 - 12/07/2026 06:00:00;112,27
12/07/2026 06:00:00 - 12/07/2026 06:15:00;118,64
12/07/2026 06:15:00 - 12/07/2026 06:30:00;112,33
12/07/2026 06:30:00 - 12/07/2026 06:45:00;110
12/07/2026 06:45:00 - 12/07/2026 07:00:00;105,48
12/07/2026 07:00:00 - 12/07/2026 07:15:00;112,31
12/07/2026 07:15:00 - 12/07/2026 07:30:00;108,3
12/07/2026 07:30:00 - 12/07/2026 07:45:00;101,21
12/07/2026 07:45:00 - 12/07/2026 08:00:00;77,28
12/07/2026 08:00:00 - 12/07/2026 08:15:00;72,78
12/07/2026 08:15:00 - 12/07/2026 08:30:00;12,78
12/07/2026 08:30:00 - 12/07/2026 08:45:00;9,99
12/07/2026 08:45:00 - 12/07/2026 09:00:00;8,43
12/07/2026 09:00:00 - 12/07/2026 09:15:00;11,01
12/07/2026 09:15:00 - 12/07/2026 09:30:00;1,54
12/07/2026 09:30:00 - 12/07/2026 09:45:00;0
12/07/2026 09:45:00 - 12/07/2026 10:00:00;0
12/07/2026 10:00:00 - 12/07/2026 10:15:00;-0,01
12/07/2026 10:15:00 - 12/07/2026 10:30:00;-0,01
12/07/2026 10:30:00 - 12/07/2026 10:45:00;-0,01
12/07/2026 10:45:00 - 12/07/2026 11:00:00;-0,01
12/07/2026 11:00:00 - 12/07/2026 11:15:00;-0,01
12/07/2026 11:15:00 - 12/07/2026 11:30:00;-0,01
12/07/2026 11:30:00 - 12/07/2026 11:45:00;-0,01
12/07/2026 11:45:00 - 12/07/2026 12:00:00;0
12/07/2026 12:00:00 - 12/07/2026 12:15:00;0
12/07/2026 12:15:00 - 12/07/2026 12:30:00;0
12/07/2026 12:30:00 - 12/07/2026 12:45:00;0
12/07/2026 12:45:00 - 12/07/2026 13:00:00;0
12/07/2026 13:00:00 - 12/07/2026 13:15:00;0
12/07/2026 13:15:00 - 12/07/2026 13:30:00;0
12/07/2026 13:30:00 - 12/07/2026 13:45:00;0
12/07/2026 13:45:00 - 12/07/2026 14:00:00;0
12/07/2026 14:00:00 - 12/07/2026 14:15:00;0
12/07/2026 14:15:00 - 12/07/2026 14:30:00;0
12/07/2026 14:30:00 - 12/07/2026 14:45:00;0,01
12/07/2026 14:45:00 - 12/07/2026 15:00:00;0,01
12/07/2026 15:00:00 - 12/07/2026 15:15:00;0,01
12/07/2026 15:15:00 - 12/07/2026 15:30:00;0,02
12/07/2026 15:30:00 - 12/07/2026 15:45:00;0,02
12/07/2026 15:45:00 - 12/07/2026 16:00:00;2,24
12/07/2026 16:00:00 - 12/07/2026 16:15:00;1,61
12/07/2026 16:15:00 - 12/07/2026 16:30:00;5,19
12/07/2026 16:30:00 - 12/07/2026 16:45:00;11,28
12/07/2026 16:45:00 - 12/07/2026 17:00:00;34,35
12/07/2026 17:00:00 - 12/07/2026 17:15:00;11
12/07/2026 17:15:00 - 12/07/2026 17:30:00;65,82
12/07/2026 17:30:00 - 12/07/2026 17:45:00;102,93
12/07/2026 17:45:00 - 12/07/2026 18:00:00;125,95
12/07/2026 18:00:00 - 12/07/2026 18:15:00;76,8
12/07/2026 18:15:00 - 12/07/2026 18:30:00;117,05
12/07/2026 18:30:00 - 12/07/2026 18:45:00;124
12/07/2026 18:45:00 - 12/07/2026 19:00:00;133,35
12/07/2026 19:00:00 - 12/07/2026 19:15:00;133,46
12/07/2026 19:15:00 - 12/07/2026 19:30:00;135
12/07/2026 19:30:00 - 12/07/2026 19:45:00;139,1
12/07/2026 19:45:00 - 12/07/2026 20:00:00;145
12/07/2026 20:00:00 - 12/07/2026 20:15:00;136,38
12/07/2026 20:15:00 - 12/07/2026 20:30:00;139,75
12/07/2026 20:30:00 - 12/07/2026 20:45:00;141,2
12/07/2026 20:45:00 - 12/07/2026 21:00:00;144,12
12/07/2026 21:00:00 - 12/07/2026 21:15:00;140,1
12/07/2026 21:15:00 - 12/07/2026 21:30:00;144,94
12/07/2026 21:30:00 - 12/07/2026 21:45:00;145,93
12/07/2026 21:45:00 - 12/07/2026 22:00:00;146,98
12/07/2026 22:00:00 - 12/07/2026 22:15:00;149,7
12/07/2026 22:15:00 - 12/07/2026 22:30:00;145
12/07/2026 22:30:00 - 12/07/2026 22:45:00;144,94
12/07/2026 22:45:00 - 12/07/2026 23:00:00;140,08
12/07/2026 23:00:00 - 12/07/2026 23:15:00;144,97
12/07/2026 23:15:00 - 12/07/2026 23:30:00;137,9
12/07/2026 23:30:00 - 12/07/2026 23:45:00;138,47
12/07/2026 23:45:00 - 13/07/2026 00:00:00;135,93
13/07/2026 00:00:00 - 13/07/2026 00:15:00;131,94
13/07/2026 00:15:00 - 13/07/2026 00:30:00;130
13/07/2026 00:30:00 - 13/07/2026 00:45:00;129,41
13/07/2026 00:45:00 - 13/07/2026 01:00:00;127,57
13/07/2026 01:00:00 - 13/07/2026 01:15:00;128,42
13/07/2026 01:15:00 - 13/07/2026 01:30:00;124,17
13/07/2026 01:30:00 - 13/07/2026 01:45:00;123,7
13/07/2026 01:45:00 - 13/07/2026 02:00:00;120,8
13/07/2026 02:00:00 - 13/07/2026 02:15:00;122,93
13/07/2026 02:15:00 - 13/07/2026 02:30:00;119,98
13/07/2026 02:30:00 - 13/07/2026 02:45:00;121,85
13/07/2026 02:45:00 - 13/07/2026 03:00:00;120,51
13/07/2026 03:00:00 - 13/07/2026 03:15:00;121,2
13/07/2026 03:15:00 - 13/07/2026 03:30:00;121,5
13/07/2026 03:30:00 - 13/07/2026 03:45:00;121,92
13/07/2026 03:45:00 - 13/07/2026 04:00:00;124,47
13/07/2026 04:00:00 - 13/07/2026 04:15:00;118,68
13/07/2026 04:15:00 - 13/07/2026 04:30:00;122,74
13/07/2026 04:30:00 - 13/07/2026 04:45:00;125,75
13/07/2026 04:45:00 - 13/07/2026 05:00:00;127,67
13/07/2026 05:00:00 - 13/07/2026 05:15:00;127,75
13/07/2026 05:15:00 - 13/07/2026 05:30:00;131,99
13/07/2026 05:30:00 - 13/07/2026 05:45:00;138,75
13/07/2026 05:45:00 - 13/07/2026 06:00:00;144,32
13/07/2026 06:00:00 - 13/07/2026 06:15:00;144,89
13/07/2026 06:15:00 - 13/07/2026 06:30:00;151,94
13/07/2026 06:30:00 - 13/07/2026 06:45:00;150,96
13/07/2026 06:45:00 - 13/07/2026 07:00:00;150,52
13/07/2026 07:00:00 - 13/07/2026 07:15:00;145,49
13/07/2026 07:15:00 - 13/07/2026 07:30:00;121,08
13/07/2026 07:30:00 - 13/07/2026 07:45:00;110
13/07/2026 07:45:00 - 13/07/2026 08:00:00;81,62
13/07/2026 08:00:00 - 13/07/2026 08:15:00;111,81
13/07/2026 08:15:00 - 13/07/2026 08:30:00;89,03
13/07/2026 08:30:00 - 13/07/2026 08:45:00;12,77
13/07/2026 08:45:00 - 13/07/2026 09:00:00;9,99
13/07/2026 09:00:00 - 13/07/2026 09:15:00;67,22
13/07/2026 09:15:00 - 13/07/2026 09:30:00;15
13/07/2026 09:30:00 - 13/07/2026 09:45:00;11
13/07/2026 09:45:00 - 13/07/2026 10:00:00;10,73
13/07/2026 10:00:00 - 13/07/2026 10:15:00;68,01
13/07/2026 10:15:00 - 13/07/2026 10:30:00;20
13/07/2026 10:30:00 - 13/07/2026 10:45:00;20
13/07/2026 10:45:00 - 13/07/2026 11:00:00;20
13/07/2026 11:00:00 - 13/07/2026 11:15:00;65,81
13/07/2026 11:15:00 - 13/07/2026 11:30:00;78,66
13/07/2026 11:30:00 - 13/07/2026 11:45:00;70
13/07/2026 11:45:00 - 13/07/2026 12:00:00;61,04
13/07/2026 12:00:00 - 13/07/2026 12:15:00;74,12
13/07/2026 12:15:00 - 13/07/2026 12:30:00;67,39
13/07/2026 12:30:00 - 13/07/2026 12:45:00;64,83
13/07/2026 12:45:00 - 13/07/2026 13:00:00;68,26
13/07/2026 13:00:00 - 13/07/2026 13:15:00;71,36
13/07/2026 13:15:00 - 13/07/2026 13:30:00;80,01
13/07/2026 13:30:00 - 13/07/2026 13:45:00;73,92
13/07/2026 13:45:00 - 13/07/2026 14:00:00;78,88
13/07/2026 14:00:00 - 13/07/2026 14:15:00;73,51
13/07/2026 14:15:00 - 13/07/2026 14:30:00;83,15
13/07/2026 14:30:00 - 13/07/2026 14:45:00;80,01
13/07/2026 14:45:00 - 13/07/2026 15:00:00;82,38
13/07/2026 15:00:00 - 13/07/2026 15:15:00;69,76
13/07/2026 15:15:00 - 13/07/2026 15:30:00;76,87
13/07/2026 15:30:00 - 13/07/2026 15:45:00;92,27
13/07/2026 15:45:00 - 13/07/2026 16:00:00;108,93
13/07/2026 16:00:00 - 13/07/2026 16:15:00;74,38
13/07/2026 16:15:00 - 13/07/2026 16:30:00;94,22
13/07/2026 16:30:00 - 13/07/2026 16:45:00;106,86
13/07/2026 16:45:00 - 13/07/2026 17:00:00;132,92
13/07/2026 17:00:00 - 13/07/2026 17:15:00;103,91
13/07/2026 17:15:00 - 13/07/2026 17:30:00;124,6
13/07/2026 17:30:00 - 13/07/2026 17:45:00;149,36
13/07/2026 17:45:00 - 13/07/2026 18:00:00;156,77
13/07/2026 18:00:00 - 13/07/2026 18:15:00;137,15
13/07/2026 18:15:00 - 13/07/2026 18:30:00;148,5
13/07/2026 18:30:00 - 13/07/2026 18:45:00;165,54
13/07/2026 18:45:00 - 13/07/2026 19:00:00;173,14
13/07/2026 19:00:00 - 13/07/2026 19:15:00;155,14
13/07/2026 19:15:00 - 13/07/2026 19:30:00;155,14
13/07/2026 19:30:00 - 13/07/2026 19:45:00;149,02
13/07/2026 19:45:00 - 13/07/2026 20:00:00;133,35
13/07/2026 20:00:00 - 13/07/2026 20:15:00;121,39
13/07/2026 20:15:00 - 13/07/2026 20:30:00;125,03
13/07/2026 20:30:00 - 13/07/2026 20:45:00;132,49
13/07/2026 20:45:00 - 13/07/2026 21:00:00;155,14
13/07/2026 21:00:00 - 13/07/2026 21:15:00;155,14
13/07/2026 21:15:00 - 13/07/2026 21:30:00;152,95
13/07/2026 21:30:00 - 13/07/2026 21:45:00;155,14
13/07/2026 21:45:00 - 13/07/2026 22:00:00;153,31
13/07/2026 22:00:00 - 13/07/2026 22:15:00;155,14
13/07/2026 22:15:00 - 13/07/2026 22:30:00;155,14
13/07/2026 22:30:00 - 13/07/2026 22:45:00;157
13/07/2026 22:45:00 - 13/07/2026 23:00:00;150,47
13/07/2026 23:00:00 - 13/07/2026 23:15:00;159,54
13/07/2026 23:15:00 - 13/07/2026 23:30:00;151,54
13/07/2026 23:30:00 - 13/07/2026 23:45:00;145,15
13/07/2026 23:45:00 - 14/07/2026 00:00:00;138,99
14/07/2026 00:00:00 - 14/07/2026 00:15:00;153,32
14/07/2026 00:15:00 - 14/07/2026 00:30:00;146,18
14/07/2026 00:30:00 - 14/07/2026 00:45:00;139,27
14/07/2026 00:45:00 - 14/07/2026 01:00:00;131,91
14/07/2026 01:00:00 - 14/07/2026 01:15:00;138,79
14/07/2026 01:15:00 - 14/07/2026 01:30:00;134,5
14/07/2026 01:30:00 - 14/07/2026 01:45:00;132,99
14/07/2026 01:45:00 - 14/07/2026 02:00:00;129,27
14/07/2026 02:00:00 - 14/07/2026 02:15:00;129,55
14/07/2026 02:15:00 - 14/07/2026 02:30:00;126,71
14/07/2026 02:30:00 - 14/07/2026 02:45:00;127,44
14/07/2026 02:45:00 - 14/07/2026 03:00:00;125,7
14/07/2026 03:00:00 - 14/07/2026 03:15:00;128
14/07/2026 03:15:00 - 14/07/2026 03:30:00;127,28
14/07/2026 03:30:00 - 14/07/2026 03:45:00;127,09
14/07/2026 03:45:00 - 14/07/2026 04:00:00;126,5
14/07/2026 04:00:00 - 14/07/2026 04:15:00;125,62
14/07/2026 04:15:00 - 14/07/2026 04:30:00;125,87
14/07/2026 04:30:00 - 14/07/2026 04:45:00;128,23
14/07/2026 04:45:00 - 14/07/2026 05:00:00;130,88
14/07/2026 05:00:00 - 14/07/2026 05:15:00;130,27
14/07/2026 05:15:00 - 14/07/2026 05:30:00;133,28
14/07/2026 05:30:00 - 14/07/2026 05:45:00;136,93
14/07/2026 05:45:00 - 14/07/2026 06:00:00;139,6
14/07/2026 06:00:00 - 14/07/2026 06:15:00;146,27
14/07/2026 06:15:00 - 14/07/2026 06:30:00;152,25
14/07/2026 06:30:00 - 14/07/2026 06:45:00;151,84
14/07/2026 06:45:00 - 14/07/2026 07:00:00;149,88
14/07/2026 07:00:00 - 14/07/2026 07:15:00;139,99
14/07/2026 07:15:00 - 14/07/2026 07:30:00;125,65
14/07/2026 07:30:00 - 14/07/2026 07:45:00;110
14/07/2026 07:45:00 - 14/07/2026 08:00:00;110
14/07/2026 08:00:00 - 14/07/2026 08:15:00;113,61
14/07/2026 08:15:00 - 14/07/2026 08:30:00;15,33
14/07/2026 08:30:00 - 14/07/2026 08:45:00;106,76
14/07/2026 08:45:00 - 14/07/2026 09:00:00;26,28
14/07/2026 09:00:00 - 14/07/2026 09:15:00;75
14/07/2026 09:15:00 - 14/07/2026 09:30:00;52,5
14/07/2026 09:30:00 - 14/07/2026 09:45:00;19,09
14/07/2026 09:45:00 - 14/07/2026 10:00:00;12,78
14/07/2026 10:00:00 - 14/07/2026 10:15:00;51,54
14/07/2026 10:15:00 - 14/07/2026 10:30:00;21,2
14/07/2026 10:30:00 - 14/07/2026 10:45:00;52,9
14/07/2026 10:45:00 - 14/07/2026 11:00:00;26
14/07/2026 11:00:00 - 14/07/2026 11:15:00;52,26
14/07/2026 11:15:00 - 14/07/2026 11:30:00;15,33
14/07/2026 11:30:00 - 14/07/2026 11:45:00;27,82
14/07/2026 11:45:00 - 14/07/2026 12:00:00;53,39
14/07/2026 12:00:00 - 14/07/2026 12:15:00;65,22
14/07/2026 12:15:00 - 14/07/2026 12:30:00;75
14/07/2026 12:30:00 - 14/07/2026 12:45:00;75
14/07/2026 12:45:00 - 14/07/2026 13:00:00;86,15
14/07/2026 13:00:00 - 14/07/2026 13:15:00;76,2
14/07/2026 13:15:00 - 14/07/2026 13:30:00;82,63
14/07/2026 13:30:00 - 14/07/2026 13:45:00;87,77
14/07/2026 13:45:00 - 14/07/2026 14:00:00;75,01
14/07/2026 14:00:00 - 14/07/2026 14:15:00;70,24
14/07/2026 14:15:00 - 14/07/2026 14:30:00;75,05
14/07/2026 14:30:00 - 14/07/2026 14:45:00;95
14/07/2026 14:45:00 - 14/07/2026 15:00:00;95,01
14/07/2026 15:00:00 - 14/07/2026 15:15:00;62,67
14/07/2026 15:15:00 - 14/07/2026 15:30:00;95
14/07/2026 15:30:00 - 14/07/2026 15:45:00;25
14/07/2026 15:45:00 - 14/07/2026 16:00:00;113,64
14/07/2026 16:00:00 - 14/07/2026 16:15:00;91,19
14/07/2026 16:15:00 - 14/07/2026 16:30:00;115
14/07/2026 16:30:00 - 14/07/2026 16:45:00;123,09
14/07/2026 16:45:00 - 14/07/2026 17:00:00;140,3
14/07/2026 17:00:00 - 14/07/2026 17:15:00;123,62
14/07/2026 17:15:00 - 14/07/2026 17:30:00;132,6
14/07/2026 17:30:00 - 14/07/2026 17:45:00;152,07
14/07/2026 17:45:00 - 14/07/2026 18:00:00;165,12
14/07/2026 18:00:00 - 14/07/2026 18:15:00;135,34
14/07/2026 18:15:00 - 14/07/2026 18:30:00;161,77
14/07/2026 18:30:00 - 14/07/2026 18:45:00;178,85
14/07/2026 18:45:00 - 14/07/2026 19:00:00;194,78
14/07/2026 19:00:00 - 14/07/2026 19:15:00;168,41
14/07/2026 19:15:00 - 14/07/2026 19:30:00;174,61
14/07/2026 19:30:00 - 14/07/2026 19:45:00;182,18
14/07/2026 19:45:00 - 14/07/2026 20:00:00;193,1
14/07/2026 20:00:00 - 14/07/2026 20:15:00;177,03
14/07/2026 20:15:00 - 14/07/2026 20:30:00;179,53
14/07/2026 20:30:00 - 14/07/2026 20:45:00;184,08
14/07/2026 20:45:00 - 14/07/2026 21:00:00;174,86
14/07/2026 21:00:00 - 14/07/2026 21:15:00;179,74
14/07/2026 21:15:00 - 14/07/2026 21:30:00;174,32
14/07/2026 21:30:00 - 14/07/2026 21:45:00;174,02
14/07/2026 21:45:00 - 14/07/2026 22:00:00;171,96
14/07/2026 22:00:00 - 14/07/2026 22:15:00;178,44
14/07/2026 22:15:00 - 14/07/2026 22:30:00;170,58
14/07/2026 22:30:00 - 14/07/2026 22:45:00;167,11
14/07/2026 22:45:00 - 14/07/2026 23:00:00;158,93
14/07/2026 23:00:00 - 14/07/2026 23:15:00;158,51
14/07/2026 23:15:00 - 14/07/2026 23:30:00;153
14/07/2026 23:30:00 - 14/07/2026 23:45:00;150,31
14/07/2026 23:45:00 - 15/07/2026 00:00:00;144,26
15/07/2026 00:00:00 - 15/07/2026 00:15:00;158,34
15/07/2026 00:15:00 - 15/07/2026 00:30:00;154,5
15/07/2026 00:30:00 - 15/07/2026 00:45:00;153,92
15/07/2026 00:45:00 - 15/07/2026 01:00:00;146,41
15/07/2026 01:00:00 - 15/07/2026 01:15:00;150,45
15/07/2026 01:15:00 - 15/07/2026 01:30:00;145
15/07/2026 01:30:00 - 15/07/2026 01:45:00;142,9
15/07/2026 01:45:00 - 15/07/2026 02:00:00;139,44
15/07/2026 02:00:00 - 15/07/2026 02:15:00;141,39
15/07/2026 02:15:00 - 15/07/2026 02:30:00;138,28
15/07/2026 02:30:00 - 15/07/2026 02:45:00;138,73
15/07/2026 02:45:00 - 15/07/2026 03:00:00;137,26
15/07/2026 03:00:00 - 15/07/2026 03:15:00;136,5
15/07/2026 03:15:00 - 15/07/2026 03:30:00;134,7
15/07/2026 03:30:00 - 15/07/2026 03:45:00;135,74
15/07/2026 03:45:00 - 15/07/2026 04:00:00;135,28
15/07/2026 04:00:00 - 15/07/2026 04:15:00;136,5
15/07/2026 04:15:00 - 15/07/2026 04:30:00;137,84
15/07/2026 04:30:00 - 15/07/2026 04:45:00;139,83
15/07/2026 04:45:00 - 15/07/2026 05:00:00;143,6
15/07/2026 05:00:00 - 15/07/2026 05:15:00;140,84
15/07/2026 05:15:00 - 15/07/2026 05:30:00;149,17
15/07/2026 05:30:00 - 15/07/2026 05:45:00;151,94
15/07/2026 05:45:00 - 15/07/2026 06:00:00;158,45
15/07/2026 06:00:00 - 15/07/2026 06:15:00;163,26
15/07/2026 06:15:00 - 15/07/2026 06:30:00;169,26
15/07/2026 06:30:00 - 15/07/2026 06:45:00;167,26
15/07/2026 06:45:00 - 15/07/2026 07:00:00;165,18
15/07/2026 07:00:00 - 15/07/2026 07:15:00;171,16
15/07/2026 07:15:00 - 15/07/2026 07:30:00;166,73
15/07/2026 07:30:00 - 15/07/2026 07:45:00;164,39
15/07/2026 07:45:00 - 15/07/2026 08:00:00;159,04
15/07/2026 08:00:00 - 15/07/2026 08:15:00;161,99
15/07/2026 08:15:00 - 15/07/2026 08:30:00;129,87
15/07/2026 08:30:00 - 15/07/2026 08:45:00;121,44
15/07/2026 08:45:00 - 15/07/2026 09:00:00;110
15/07/2026 09:00:00 - 15/07/2026 09:15:00;118,71
15/07/2026 09:15:00 - 15/07/2026 09:30:00;110
15/07/2026 09:30:00 - 15/07/2026 09:45:00;110
15/07/2026 09:45:00 - 15/07/2026 10:00:00;107,76
15/07/2026 10:00:00 - 15/07/2026 10:15:00;131,89
15/07/2026 10:15:00 - 15/07/2026 10:30:00;110
15/07/2026 10:30:00 - 15/07/2026 10:45:00;96,54
15/07/2026 10:45:00 - 15/07/2026 11:00:00;97,14
15/07/2026 11:00:00 - 15/07/2026 11:15:00;107,71
15/07/2026 11:15:00 - 15/07/2026 11:30:00;102,69
15/07/2026 11:30:00 - 15/07/2026 11:45:00;98,92
15/07/2026 11:45:00 - 15/07/2026 12:00:00;96,23
15/07/2026 12:00:00 - 15/07/2026 12:15:00;104,05
15/07/2026 12:15:00 - 15/07/2026 12:30:00;95,03
15/07/2026 12:30:00 - 15/07/2026 12:45:00;93,92
15/07/2026 12:45:00 - 15/07/2026 13:00:00;92,92
15/07/2026 13:00:00 - 15/07/2026 13:15:00;96,34
15/07/2026 13:15:00 - 15/07/2026 13:30:00;94,75
15/07/2026 13:30:00 - 15/07/2026 13:45:00;91,55
15/07/2026 13:45:00 - 15/07/2026 14:00:00;92,72
15/07/2026 14:00:00 - 15/07/2026 14:15:00;83,19
15/07/2026 14:15:00 - 15/07/2026 14:30:00;65,81
15/07/2026 14:30:00 - 15/07/2026 14:45:00;40
15/07/2026 14:45:00 - 15/07/2026 15:00:00;15
15/07/2026 15:00:00 - 15/07/2026 15:15:00;40
15/07/2026 15:15:00 - 15/07/2026 15:30:00;80
15/07/2026 15:30:00 - 15/07/2026 15:45:00;105,79
15/07/2026 15:45:00 - 15/07/2026 16:00:00;113,57
15/07/2026 16:00:00 - 15/07/2026 16:15:00;108,37
15/07/2026 16:15:00 - 15/07/2026 16:30:00;124,3
15/07/2026 16:30:00 - 15/07/2026 16:45:00;146,77
15/07/2026 16:45:00 - 15/07/2026 17:00:00;155,15
15/07/2026 17:00:00 - 15/07/2026 17:15:00;138,13
15/07/2026 17:15:00 - 15/07/2026 17:30:00;153,87
15/07/2026 17:30:00 - 15/07/2026 17:45:00;172,02
15/07/2026 17:45:00 - 15/07/2026 18:00:00;183,22
15/07/2026 18:00:00 - 15/07/2026 18:15:00;173,62
15/07/2026 18:15:00 - 15/07/2026 18:30:00;191,07
15/07/2026 18:30:00 - 15/07/2026 18:45:00;201,45
15/07/2026 18:45:00 - 15/07/2026 19:00:00;205,17
15/07/2026 19:00:00 - 15/07/2026 19:15:00;203,53
15/07/2026 19:15:00 - 15/07/2026 19:30:00;249,8
15/07/2026 19:30:00 - 15/07/2026 19:45:00;168,3
15/07/2026 19:45:00 - 15/07/2026 20:00:00;158,37
15/07/2026 20:00:00 - 15/07/2026 20:15:00;145,1
15/07/2026 20:15:00 - 15/07/2026 20:30:00;242,28
15/07/2026 20:30:00 - 15/07/2026 20:45:00;159,9
15/07/2026 20:45:00 - 15/07/2026 21:00:00;202,7
15/07/2026 21:00:00 - 15/07/2026 21:15:00;203,09
15/07/2026 21:15:00 - 15/07/2026 21:30:00;192,87
15/07/2026 21:30:00 - 15/07/2026 21:45:00;197,33
15/07/2026 21:45:00 - 15/07/2026 22:00:00;193,69
15/07/2026 22:00:00 - 15/07/2026 22:15:00;199,99
15/07/2026 22:15:00 - 15/07/2026 22:30:00;190
15/07/2026 22:30:00 - 15/07/2026 22:45:00;187,9
15/07/2026 22:45:00 - 15/07/2026 23:00:00;175,63
15/07/2026 23:00:00 - 15/07/2026 23:15:00;179,14
15/07/2026 23:15:00 - 15/07/2026 23:30:00;171,94
15/07/2026 23:30:00 - 15/07/2026 23:45:00;169,62
15/07/2026 23:45:00 - 16/07/2026 00:00:00;164,96
16/07/2026 00:00:00 - 16/07/2026 00:15:00;173,58
16/07/2026 00:15:00 - 16/07/2026 00:30:00;169,04
16/07/2026 00:30:00 - 16/07/2026 00:45:00;163,51
16/07/2026 00:45:00 - 16/07/2026 01:00:00;158
16/07/2026 01:00:00 - 16/07/2026 01:15:00;162,03
16/07/2026 01:15:00 - 16/07/2026 01:30:00;158
16/07/2026 01:30:00 - 16/07/2026 01:45:00;158,97
16/07/2026 01:45:00 - 16/07/2026 02:00:00;157,8
16/07/2026 02:00:00 - 16/07/2026 02:15:00;157,62
16/07/2026 02:15:00 - 16/07/2026 02:30:00;154,67
16/07/2026 02:30:00 - 16/07/2026 02:45:00;150,85
16/07/2026 02:45:00 - 16/07/2026 03:00:00;148,32
16/07/2026 03:00:00 - 16/07/2026 03:15:00;151,93
16/07/2026 03:15:00 - 16/07/2026 03:30:00;147,53
16/07/2026 03:30:00 - 16/07/2026 03:45:00;148,08
16/07/2026 03:45:00 - 16/07/2026 04:00:00;148,16
16/07/2026 04:00:00 - 16/07/2026 04:15:00;147,98
16/07/2026 04:15:00 - 16/07/2026 04:30:00;149,79
16/07/2026 04:30:00 - 16/07/2026 04:45:00;153,29
16/07/2026 04:45:00 - 16/07/2026 05:00:00;154,67
16/07/2026 05:00:00 - 16/07/2026 05:15:00;153,74
16/07/2026 05:15:00 - 16/07/2026 05:30:00;158,33
16/07/2026 05:30:00 - 16/07/2026 05:45:00;160,28
16/07/2026 05:45:00 - 16/07/2026 06:00:00;163,28
16/07/2026 06:00:00 - 16/07/2026 06:15:00;172,69
16/07/2026 06:15:00 - 16/07/2026 06:30:00;174,56
16/07/2026 06:30:00 - 16/07/2026 06:45:00;175,23
16/07/2026 06:45:00 - 16/07/2026 07:00:00;173,97
16/07/2026 07:00:00 - 16/07/2026 07:15:00;178,1
16/07/2026 07:15:00 - 16/07/2026 07:30:00;174,61
16/07/2026 07:30:00 - 16/07/2026 07:45:00;165,29
16/07/2026 07:45:00 - 16/07/2026 08:00:00;125,57
16/07/2026 08:00:00 - 16/07/2026 08:15:00;114,26
16/07/2026 08:15:00 - 16/07/2026 08:30:00;107,92
16/07/2026 08:30:00 - 16/07/2026 08:45:00;69
16/07/2026 08:45:00 - 16/07/2026 09:00:00;15,06
16/07/2026 09:00:00 - 16/07/2026 09:15:00;110
16/07/2026 09:15:00 - 16/07/2026 09:30:00;107,92
16/07/2026 09:30:00 - 16/07/2026 09:45:00;50
16/07/2026 09:45:00 - 16/07/2026 10:00:00;12,99
16/07/2026 10:00:00 - 16/07/2026 10:15:00;80
16/07/2026 10:15:00 - 16/07/2026 10:30:00;16,8
16/07/2026 10:30:00 - 16/07/2026 10:45:00;89,66
16/07/2026 10:45:00 - 16/07/2026 11:00:00;100,21
16/07/2026 11:00:00 - 16/07/2026 11:15:00;69,47
16/07/2026 11:15:00 - 16/07/2026 11:30:00;76,8
16/07/2026 11:30:00 - 16/07/2026 11:45:00;105,98
16/07/2026 11:45:00 - 16/07/2026 12:00:00;100,36
16/07/2026 12:00:00 - 16/07/2026 12:15:00;100,45
16/07/2026 12:15:00 - 16/07/2026 12:30:00;99,12
16/07/2026 12:30:00 - 16/07/2026 12:45:00;100,01
16/07/2026 12:45:00 - 16/07/2026 13:00:00;100
16/07/2026 13:00:00 - 16/07/2026 13:15:00;101,73
16/07/2026 13:15:00 - 16/07/2026 13:30:00;98
16/07/2026 13:30:00 - 16/07/2026 13:45:00;93,3
16/07/2026 13:45:00 - 16/07/2026 14:00:00;91,19
16/07/2026 14:00:00 - 16/07/2026 14:15:00;94,08
16/07/2026 14:15:00 - 16/07/2026 14:30:00;98,83
16/07/2026 14:30:00 - 16/07/2026 14:45:00;104,26
16/07/2026 14:45:00 - 16/07/2026 15:00:00;110,01
16/07/2026 15:00:00 - 16/07/2026 15:15:00;105,58
16/07/2026 15:15:00 - 16/07/2026 15:30:00;110
16/07/2026 15:30:00 - 16/07/2026 15:45:00;109,36
16/07/2026 15:45:00 - 16/07/2026 16:00:00;117,47
16/07/2026 16:00:00 - 16/07/2026 16:15:00;105,78
16/07/2026 16:15:00 - 16/07/2026 16:30:00;112,67
16/07/2026 16:30:00 - 16/07/2026 16:45:00;127,74
16/07/2026 16:45:00 - 16/07/2026 17:00:00;142,62
16/07/2026 17:00:00 - 16/07/2026 17:15:00;127,82
16/07/2026 17:15:00 - 16/07/2026 17:30:00;150,46
16/07/2026 17:30:00 - 16/07/2026 17:45:00;161,85
16/07/2026 17:45:00 - 16/07/2026 18:00:00;171,96
16/07/2026 18:00:00 - 16/07/2026 18:15:00;167,53
16/07/2026 18:15:00 - 16/07/2026 18:30:00;191,66
16/07/2026 18:30:00 - 16/07/2026 18:45:00;196,83
16/07/2026 18:45:00 - 16/07/2026 19:00:00;210,49
16/07/2026 19:00:00 - 16/07/2026 19:15:00;191,92
16/07/2026 19:15:00 - 16/07/2026 19:30:00;224,58
16/07/2026 19:30:00 - 16/07/2026 19:45:00;253,78
16/07/2026 19:45:00 - 16/07/2026 20:00:00;206,6
16/07/2026 20:00:00 - 16/07/2026 20:15:00;210,9
16/07/2026 20:15:00 - 16/07/2026 20:30:00;295,1
16/07/2026 20:30:00 - 16/07/2026 20:45:00;202,83
16/07/2026 20:45:00 - 16/07/2026 21:00:00;211,3
16/07/2026 21:00:00 - 16/07/2026 21:15:00;155,04
16/07/2026 21:15:00 - 16/07/2026 21:30:00;261,83
16/07/2026 21:30:00 - 16/07/2026 21:45:00;227,43
16/07/2026 21:45:00 - 16/07/2026 22:00:00;203,75
16/07/2026 22:00:00 - 16/07/2026 22:15:00;228,77
16/07/2026 22:15:00 - 16/07/2026 22:30:00;203,75
16/07/2026 22:30:00 - 16/07/2026 22:45:00;205
16/07/2026 22:45:00 - 16/07/2026 23:00:00;189,84
16/07/2026 23:00:00 - 16/07/2026 23:15:00;196,03
16/07/2026 23:15:00 - 16/07/2026 23:30:00;180,6
16/07/2026 23:30:00 - 16/07/2026 23:45:00;175,1
16/07/2026 23:45:00 - 17/07/2026 00:00:00;169,52
17/07/2026 00:00:00 - 17/07/2026 00:15:00;175
17/07/2026 00:15:00 - 17/07/2026 00:30:00;171,31
17/07/2026 00:30:00 - 17/07/2026 00:45:00;169,45
17/07/2026 00:45:00 - 17/07/2026 01:00:00;166,5
17/07/2026 01:00:00 - 17/07/2026 01:15:00;167
17/07/2026 01:15:00 - 17/07/2026 01:30:00;162,88
17/07/2026 01:30:00 - 17/07/2026 01:45:00;160,64
17/07/2026 01:45:00 - 17/07/2026 02:00:00;155,28
17/07/2026 02:00:00 - 17/07/2026 02:15:00;156,97
17/07/2026 02:15:00 - 17/07/2026 02:30:00;153
17/07/2026 02:30:00 - 17/07/2026 02:45:00;151,91
17/07/2026 02:45:00 - 17/07/2026 03:00:00;146,02
17/07/2026 03:00:00 - 17/07/2026 03:15:00;148
17/07/2026 03:15:00 - 17/07/2026 03:30:00;145
17/07/2026 03:30:00 - 17/07/2026 03:45:00;142
17/07/2026 03:45:00 - 17/07/2026 04:00:00;140,76
17/07/2026 04:00:00 - 17/07/2026 04:15:00;141,04
17/07/2026 04:15:00 - 17/07/2026 04:30:00;142,2
17/07/2026 04:30:00 - 17/07/2026 04:45:00;142,35
17/07/2026 04:45:00 - 17/07/2026 05:00:00;146,01
17/07/2026 05:00:00 - 17/07/2026 05:15:00;150,14
17/07/2026 05:15:00 - 17/07/2026 05:30:00;150,05
17/07/2026 05:30:00 - 17/07/2026 05:45:00;152,52
17/07/2026 05:45:00 - 17/07/2026 06:00:00;158,7
17/07/2026 06:00:00 - 17/07/2026 06:15:00;161,71
17/07/2026 06:15:00 - 17/07/2026 06:30:00;167,26
17/07/2026 06:30:00 - 17/07/2026 06:45:00;166,73
17/07/2026 06:45:00 - 17/07/2026 07:00:00;160,82
17/07/2026 07:00:00 - 17/07/2026 07:15:00;167,54
17/07/2026 07:15:00 - 17/07/2026 07:30:00;128,73
17/07/2026 07:30:00 - 17/07/2026 07:45:00;128,13
17/07/2026 07:45:00 - 17/07/2026 08:00:00;112,92
17/07/2026 08:00:00 - 17/07/2026 08:15:00;110
17/07/2026 08:15:00 - 17/07/2026 08:30:00;75
17/07/2026 08:30:00 - 17/07/2026 08:45:00;75
17/07/2026 08:45:00 - 17/07/2026 09:00:00;72,1
17/07/2026 09:00:00 - 17/07/2026 09:15:00;150
17/07/2026 09:15:00 - 17/07/2026 09:30:00;120,01
17/07/2026 09:30:00 - 17/07/2026 09:45:00;129,63
17/07/2026 09:45:00 - 17/07/2026 10:00:00;118,81
17/07/2026 10:00:00 - 17/07/2026 10:15:00;148,62
17/07/2026 10:15:00 - 17/07/2026 10:30:00;119,11
17/07/2026 10:30:00 - 17/07/2026 10:45:00;107,52
17/07/2026 10:45:00 - 17/07/2026 11:00:00;100,03
17/07/2026 11:00:00 - 17/07/2026 11:15:00;104,62
17/07/2026 11:15:00 - 17/07/2026 11:30:00;107,67
17/07/2026 11:30:00 - 17/07/2026 11:45:00;106,38
17/07/2026 11:45:00 - 17/07/2026 12:00:00;109,75
17/07/2026 12:00:00 - 17/07/2026 12:15:00;99,08
17/07/2026 12:15:00 - 17/07/2026 12:30:00;105
17/07/2026 12:30:00 - 17/07/2026 12:45:00;100
17/07/2026 12:45:00 - 17/07/2026 13:00:00;98,3
17/07/2026 13:00:00 - 17/07/2026 13:15:00;98,96
17/07/2026 13:15:00 - 17/07/2026 13:30:00;98,35
17/07/2026 13:30:00 - 17/07/2026 13:45:00;97,81
17/07/2026 13:45:00 - 17/07/2026 14:00:00;97,68
17/07/2026 14:00:00 - 17/07/2026 14:15:00;97,94
17/07/2026 14:15:00 - 17/07/2026 14:30:00;98,09
17/07/2026 14:30:00 - 17/07/2026 14:45:00;98,41
17/07/2026 14:45:00 - 17/07/2026 15:00:00;103,32
17/07/2026 15:00:00 - 17/07/2026 15:15:00;99,7
17/07/2026 15:15:00 - 17/07/2026 15:30:00;105,3
17/07/2026 15:30:00 - 17/07/2026 15:45:00;65,82
17/07/2026 15:45:00 - 17/07/2026 16:00:00;115,1
17/07/2026 16:00:00 - 17/07/2026 16:15:00;105
17/07/2026 16:15:00 - 17/07/2026 16:30:00;113,64
17/07/2026 16:30:00 - 17/07/2026 16:45:00;125,98
17/07/2026 16:45:00 - 17/07/2026 17:00:00;147,48
17/07/2026 17:00:00 - 17/07/2026 17:15:00;126,3
17/07/2026 17:15:00 - 17/07/2026 17:30:00;153,96
17/07/2026 17:30:00 - 17/07/2026 17:45:00;168,47
17/07/2026 17:45:00 - 17/07/2026 18:00:00;222,81
17/07/2026 18:00:00 - 17/07/2026 18:15:00;169,65
17/07/2026 18:15:00 - 17/07/2026 18:30:00;192,11
17/07/2026 18:30:00 - 17/07/2026 18:45:00;217,14
17/07/2026 18:45:00 - 17/07/2026 19:00:00;213,48
17/07/2026 19:00:00 - 17/07/2026 19:15:00;184,16
17/07/2026 19:15:00 - 17/07/2026 19:30:00;189,03
17/07/2026 19:30:00 - 17/07/2026 19:45:00;208,83
17/07/2026 19:45:00 - 17/07/2026 20:00:00;211,31
17/07/2026 20:00:00 - 17/07/2026 20:15:00;189,75
17/07/2026 20:15:00 - 17/07/2026 20:30:00;205,65
17/07/2026 20:30:00 - 17/07/2026 20:45:00;194,19
17/07/2026 20:45:00 - 17/07/2026 21:00:00;202,91
17/07/2026 21:00:00 - 17/07/2026 21:15:00;160,04
17/07/2026 21:15:00 - 17/07/2026 21:30:00;169,07
17/07/2026 21:30:00 - 17/07/2026 21:45:00;214,18
17/07/2026 21:45:00 - 17/07/2026 22:00:00;210,41
17/07/2026 22:00:00 - 17/07/2026 22:15:00;205,92
17/07/2026 22:15:00 - 17/07/2026 22:30:00;197,68
17/07/2026 22:30:00 - 17/07/2026 22:45:00;189,73
17/07/2026 22:45:00 - 17/07/2026 23:00:00;184,25
17/07/2026 23:00:00 - 17/07/2026 23:15:00;176,58
17/07/2026 23:15:00 - 17/07/2026 23:30:00;165,75
17/07/2026 23:30:00 - 17/07/2026 23:45:00;159,04
17/07/2026 23:45:00 - 18/07/2026 00:00:00;150,48
18/07/2026 00:00:00 - 18/07/2026 00:15:00;168,41
18/07/2026 00:15:00 - 18/07/2026 00:30:00;167,18
18/07/2026 00:30:00 - 18/07/2026 00:45:00;151,24
18/07/2026 00:45:00 - 18/07/2026 01:00:00;145
18/07/2026 01:00:00 - 18/07/2026 01:15:00;152,94
18/07/2026 01:15:00 - 18/07/2026 01:30:00;146,81
18/07/2026 01:30:00 - 18/07/2026 01:45:00;145
18/07/2026 01:45:00 - 18/07/2026 02:00:00;138,39
18/07/2026 02:00:00 - 18/07/2026 02:15:00;146,13
18/07/2026 02:15:00 - 18/07/2026 02:30:00;142,61
18/07/2026 02:30:00 - 18/07/2026 02:45:00;139,09
18/07/2026 02:45:00 - 18/07/2026 03:00:00;140,17
18/07/2026 03:00:00 - 18/07/2026 03:15:00;137,21
18/07/2026 03:15:00 - 18/07/2026 03:30:00;135,55
18/07/2026 03:30:00 - 18/07/2026 03:45:00;135
18/07/2026 03:45:00 - 18/07/2026 04:00:00;133,44
18/07/2026 04:00:00 - 18/07/2026 04:15:00;137,42
18/07/2026 04:15:00 - 18/07/2026 04:30:00;148,51
18/07/2026 04:30:00 - 18/07/2026 04:45:00;137,74
18/07/2026 04:45:00 - 18/07/2026 05:00:00;130,38
18/07/2026 05:00:00 - 18/07/2026 05:15:00;142,16
18/07/2026 05:15:00 - 18/07/2026 05:30:00;134,65
18/07/2026 05:30:00 - 18/07/2026 05:45:00;130,94
18/07/2026 05:45:00 - 18/07/2026 06:00:00;123,49
18/07/2026 06:00:00 - 18/07/2026 06:15:00;132,4
18/07/2026 06:15:00 - 18/07/2026 06:30:00;129,9
18/07/2026 06:30:00 - 18/07/2026 06:45:00;127,62
18/07/2026 06:45:00 - 18/07/2026 07:00:00;118,01
18/07/2026 07:00:00 - 18/07/2026 07:15:00;152,66
18/07/2026 07:15:00 - 18/07/2026 07:30:00;120,81
18/07/2026 07:30:00 - 18/07/2026 07:45:00;109,52
18/07/2026 07:45:00 - 18/07/2026 08:00:00;96,88
18/07/2026 08:00:00 - 18/07/2026 08:15:00;110
18/07/2026 08:15:00 - 18/07/2026 08:30:00;25,3
18/07/2026 08:30:00 - 18/07/2026 08:45:00;12,77
18/07/2026 08:45:00 - 18/07/2026 09:00:00;11,01
18/07/2026 09:00:00 - 18/07/2026 09:15:00;15,5
18/07/2026 09:15:00 - 18/07/2026 09:30:00;24,59
18/07/2026 09:30:00 - 18/07/2026 09:45:00;27,97
18/07/2026 09:45:00 - 18/07/2026 10:00:00;11
18/07/2026 10:00:00 - 18/07/2026 10:15:00;21,98
18/07/2026 10:15:00 - 18/07/2026 10:30:00;11,96
18/07/2026 10:30:00 - 18/07/2026 10:45:00;4,99
18/07/2026 10:45:00 - 18/07/2026 11:00:00;3,95
18/07/2026 11:00:00 - 18/07/2026 11:15:00;7,17
18/07/2026 11:15:00 - 18/07/2026 11:30:00;7,15
18/07/2026 11:30:00 - 18/07/2026 11:45:00;8,32
18/07/2026 11:45:00 - 18/07/2026 12:00:00;9,99
18/07/2026 12:00:00 - 18/07/2026 12:15:00;10
18/07/2026 12:15:00 - 18/07/2026 12:30:00;10,21
18/07/2026 12:30:00 - 18/07/2026 12:45:00;10,33
18/07/2026 12:45:00 - 18/07/2026 13:00:00;11
18/07/2026 13:00:00 - 18/07/2026 13:15:00;10,74
18/07/2026 13:15:00 - 18/07/2026 13:30:00;11
18/07/2026 13:30:00 - 18/07/2026 13:45:00;12,78
18/07/2026 13:45:00 - 18/07/2026 14:00:00;13,44
18/07/2026 14:00:00 - 18/07/2026 14:15:00;12,77
18/07/2026 14:15:00 - 18/07/2026 14:30:00;13,74
18/07/2026 14:30:00 - 18/07/2026 14:45:00;12,78
18/07/2026 14:45:00 - 18/07/2026 15:00:00;15
18/07/2026 15:00:00 - 18/07/2026 15:15:00;13,47
18/07/2026 15:15:00 - 18/07/2026 15:30:00;14,99
18/07/2026 15:30:00 - 18/07/2026 15:45:00;20
18/07/2026 15:45:00 - 18/07/2026 16:00:00;40,83
18/07/2026 16:00:00 - 18/07/2026 16:15:00;18,04
18/07/2026 16:15:00 - 18/07/2026 16:30:00;65,82
18/07/2026 16:30:00 - 18/07/2026 16:45:00;106
18/07/2026 16:45:00 - 18/07/2026 17:00:00;120
18/07/2026 17:00:00 - 18/07/2026 17:15:00;110,52
18/07/2026 17:15:00 - 18/07/2026 17:30:00;127,78
18/07/2026 17:30:00 - 18/07/2026 17:45:00;163,3
18/07/2026 17:45:00 - 18/07/2026 18:00:00;174,3
18/07/2026 18:00:00 - 18/07/2026 18:15:00;173,3
18/07/2026 18:15:00 - 18/07/2026 18:30:00;193,58
18/07/2026 18:30:00 - 18/07/2026 18:45:00;187,17
18/07/2026 18:45:00 - 18/07/2026 19:00:00;195,87
18/07/2026 19:00:00 - 18/07/2026 19:15:00;152,61
18/07/2026 19:15:00 - 18/07/2026 19:30:00;158,1
18/07/2026 19:30:00 - 18/07/2026 19:45:00;172,98
18/07/2026 19:45:00 - 18/07/2026 20:00:00;183,14
18/07/2026 20:00:00 - 18/07/2026 20:15:00;150,3
18/07/2026 20:15:00 - 18/07/2026 20:30:00;152,5
18/07/2026 20:30:00 - 18/07/2026 20:45:00;133,84
18/07/2026 20:45:00 - 18/07/2026 21:00:00;133,31
18/07/2026 21:00:00 - 18/07/2026 21:15:00;145
18/07/2026 21:15:00 - 18/07/2026 21:30:00;145
18/07/2026 21:30:00 - 18/07/2026 21:45:00;145
18/07/2026 21:45:00 - 18/07/2026 22:00:00;145,1
18/07/2026 22:00:00 - 18/07/2026 22:15:00;184,25
18/07/2026 22:15:00 - 18/07/2026 22:30:00;174,17
18/07/2026 22:30:00 - 18/07/2026 22:45:00;179,65
18/07/2026 22:45:00 - 18/07/2026 23:00:00;170,57
18/07/2026 23:00:00 - 18/07/2026 23:15:00;179,94
18/07/2026 23:15:00 - 18/07/2026 23:30:00;156,69
18/07/2026 23:30:00 - 18/07/2026 23:45:00;147,35
18/07/2026 23:45:00 - 19/07/2026 00:00:00;137,06
19/07/2026 00:00:00 - 19/07/2026 00:15:00;145,59
19/07/2026 00:15:00 - 19/07/2026 00:30:00;142,6
19/07/2026 00:30:00 - 19/07/2026 00:45:00;135,63
19/07/2026 00:45:00 - 19/07/2026 01:00:00;130,97
19/07/2026 01:00:00 - 19/07/2026 01:15:00;135
19/07/2026 01:15:00 - 19/07/2026 01:30:00;132,23
19/07/2026 01:30:00 - 19/07/2026 01:45:00;130,06
19/07/2026 01:45:00 - 19/07/2026 02:00:00;125,68
19/07/2026 02:00:00 - 19/07/2026 02:15:00;127,55
19/07/2026 02:15:00 - 19/07/2026 02:30:00;122,31
19/07/2026 02:30:00 - 19/07/2026 02:45:00;120,85
19/07/2026 02:45:00 - 19/07/2026 03:00:00;116,95
19/07/2026 03:00:00 - 19/07/2026 03:15:00;121,07
19/07/2026 03:15:00 - 19/07/2026 03:30:00;120,09
19/07/2026 03:30:00 - 19/07/2026 03:45:00;119
19/07/2026 03:45:00 - 19/07/2026 04:00:00;116,36
19/07/2026 04:00:00 - 19/07/2026 04:15:00;122,71
19/07/2026 04:15:00 - 19/07/2026 04:30:00;119,57
19/07/2026 04:30:00 - 19/07/2026 04:45:00;115,16
19/07/2026 04:45:00 - 19/07/2026 05:00:00;112,1
19/07/2026 05:00:00 - 19/07/2026 05:15:00;119,1
19/07/2026 05:15:00 - 19/07/2026 05:30:00;114,54
19/07/2026 05:30:00 - 19/07/2026 05:45:00;111,45
19/07/2026 05:45:00 - 19/07/2026 06:00:00;106,08
19/07/2026 06:00:00 - 19/07/2026 06:15:00;114,36
19/07/2026 06:15:00 - 19/07/2026 06:30:00;111,11
19/07/2026 06:30:00 - 19/07/2026 06:45:00;109,36
19/07/2026 06:45:00 - 19/07/2026 07:00:00;104,27
19/07/2026 07:00:00 - 19/07/2026 07:15:00;112,05
19/07/2026 07:15:00 - 19/07/2026 07:30:00;101,94
19/07/2026 07:30:00 - 19/07/2026 07:45:00;98,73
19/07/2026 07:45:00 - 19/07/2026 08:00:00;81,2
19/07/2026 08:00:00 - 19/07/2026 08:15:00;81,09
19/07/2026 08:15:00 - 19/07/2026 08:30:00;65,03
19/07/2026 08:30:00 - 19/07/2026 08:45:00;27,79
19/07/2026 08:45:00 - 19/07/2026 09:00:00;11,77
19/07/2026 09:00:00 - 19/07/2026 09:15:00;11,82
19/07/2026 09:15:00 - 19/07/2026 09:30:00;4,99
19/07/2026 09:30:00 - 19/07/2026 09:45:00;1,64
19/07/2026 09:45:00 - 19/07/2026 10:00:00;0,3
19/07/2026 10:00:00 - 19/07/2026 10:15:00;0,06
19/07/2026 10:15:00 - 19/07/2026 10:30:00;0,01
19/07/2026 10:30:00 - 19/07/2026 10:45:00;0,04
19/07/2026 10:45:00 - 19/07/2026 11:00:00;0,04
19/07/2026 11:00:00 - 19/07/2026 11:15:00;0,04
19/07/2026 11:15:00 - 19/07/2026 11:30:00;0,04
19/07/2026 11:30:00 - 19/07/2026 11:45:00;0,15
19/07/2026 11:45:00 - 19/07/2026 12:00:00;0,5
19/07/2026 12:00:00 - 19/07/2026 12:15:00;2,95
19/07/2026 12:15:00 - 19/07/2026 12:30:00;4,49
19/07/2026 12:30:00 - 19/07/2026 12:45:00;5
19/07/2026 12:45:00 - 19/07/2026 13:00:00;4,67
19/07/2026 13:00:00 - 19/07/2026 13:15:00;3,76
19/07/2026 13:15:00 - 19/07/2026 13:30:00;2,55
19/07/2026 13:30:00 - 19/07/2026 13:45:00;2,99
19/07/2026 13:45:00 - 19/07/2026 14:00:00;2,11
19/07/2026 14:00:00 - 19/07/2026 14:15:00;6,31
19/07/2026 14:15:00 - 19/07/2026 14:30:00;7,67
19/07/2026 14:30:00 - 19/07/2026 14:45:00;8,44
19/07/2026 14:45:00 - 19/07/2026 15:00:00;7,67
19/07/2026 15:00:00 - 19/07/2026 15:15:00;9,08
19/07/2026 15:15:00 - 19/07/2026 15:30:00;9,99
19/07/2026 15:30:00 - 19/07/2026 15:45:00;12,78
19/07/2026 15:45:00 - 19/07/2026 16:00:00;16,03
19/07/2026 16:00:00 - 19/07/2026 16:15:00;14,91
19/07/2026 16:15:00 - 19/07/2026 16:30:00;18,75
19/07/2026 16:30:00 - 19/07/2026 16:45:00;70,38
19/07/2026 16:45:00 - 19/07/2026 17:00:00;93,18
19/07/2026 17:00:00 - 19/07/2026 17:15:00;14,27
19/07/2026 17:15:00 - 19/07/2026 17:30:00;102,6
19/07/2026 17:30:00 - 19/07/2026 17:45:00;150,23
19/07/2026 17:45:00 - 19/07/2026 18:00:00;170,5
19/07/2026 18:00:00 - 19/07/2026 18:15:00;117,75
19/07/2026 18:15:00 - 19/07/2026 18:30:00;155,66
19/07/2026 18:30:00 - 19/07/2026 18:45:00;183,47
19/07/2026 18:45:00 - 19/07/2026 19:00:00;162,97
19/07/2026 19:00:00 - 19/07/2026 19:15:00;135,28
19/07/2026 19:15:00 - 19/07/2026 19:30:00;135,28
19/07/2026 19:30:00 - 19/07/2026 19:45:00;148,19
19/07/2026 19:45:00 - 19/07/2026 20:00:00;149,96
19/07/2026 20:00:00 - 19/07/2026 20:15:00;140,2
19/07/2026 20:15:00 - 19/07/2026 20:30:00;143,78
19/07/2026 20:30:00 - 19/07/2026 20:45:00;151,26
19/07/2026 20:45:00 - 19/07/2026 21:00:00;157,52
19/07/2026 21:00:00 - 19/07/2026 21:15:00;152,88
19/07/2026 21:15:00 - 19/07/2026 21:30:00;150,65
19/07/2026 21:30:00 - 19/07/2026 21:45:00;149,93
19/07/2026 21:45:00 - 19/07/2026 22:00:00;146,3
19/07/2026 22:00:00 - 19/07/2026 22:15:00;159,82
19/07/2026 22:15:00 - 19/07/2026 22:30:00;151,3
19/07/2026 22:30:00 - 19/07/2026 22:45:00;148,52
19/07/2026 22:45:00 - 19/07/2026 23:00:00;140,38
19/07/2026 23:00:00 - 19/07/2026 23:15:00;152,13
19/07/2026 23:15:00 - 19/07/2026 23:30:00;137,02
19/07/2026 23:30:00 - 19/07/2026 23:45:00;135,65
19/07/2026 23:45:00 - 20/07/2026 00:00:00;128,43
20/07/2026 00:00:00 - 20/07/2026 00:15:00;167,33
20/07/2026 00:15:00 - 20/07/2026 00:30:00;150,11
20/07/2026 00:30:00 - 20/07/2026 00:45:00;140,74
20/07/2026 00:45:00 - 20/07/2026 01:00:00;131,63
20/07/2026 01:00:00 - 20/07/2026 01:15:00;148,25
20/07/2026 01:15:00 - 20/07/2026 01:30:00;140,01
20/07/2026 01:30:00 - 20/07/2026 01:45:00;135,68
20/07/2026 01:45:00 - 20/07/2026 02:00:00;129,99
20/07/2026 02:00:00 - 20/07/2026 02:15:00;135,86
20/07/2026 02:15:00 - 20/07/2026 02:30:00;131,93
20/07/2026 02:30:00 - 20/07/2026 02:45:00;133,08
20/07/2026 02:45:00 - 20/07/2026 03:00:00;130,53
20/07/2026 03:00:00 - 20/07/2026 03:15:00;130,62
20/07/2026 03:15:00 - 20/07/2026 03:30:00;130,34
20/07/2026 03:30:00 - 20/07/2026 03:45:00;130,5
20/07/2026 03:45:00 - 20/07/2026 04:00:00;130,76
20/07/2026 04:00:00 - 20/07/2026 04:15:00;131,38
20/07/2026 04:15:00 - 20/07/2026 04:30:00;152,58
20/07/2026 04:30:00 - 20/07/2026 04:45:00;161,17
20/07/2026 04:45:00 - 20/07/2026 05:00:00;162,55
20/07/2026 05:00:00 - 20/07/2026 05:15:00;145
20/07/2026 05:15:00 - 20/07/2026 05:30:00;160,77
20/07/2026 05:30:00 - 20/07/2026 05:45:00;157,97
20/07/2026 05:45:00 - 20/07/2026 06:00:00;162,81
20/07/2026 06:00:00 - 20/07/2026 06:15:00;151,26
20/07/2026 06:15:00 - 20/07/2026 06:30:00;152
20/07/2026 06:30:00 - 20/07/2026 06:45:00;154,51
20/07/2026 06:45:00 - 20/07/2026 07:00:00;149,19
20/07/2026 07:00:00 - 20/07/2026 07:15:00;159,92
20/07/2026 07:15:00 - 20/07/2026 07:30:00;152,96
20/07/2026 07:30:00 - 20/07/2026 07:45:00;135,78
20/07/2026 07:45:00 - 20/07/2026 08:00:00;115,74
20/07/2026 08:00:00 - 20/07/2026 08:15:00;116,51
20/07/2026 08:15:00 - 20/07/2026 08:30:00;118,64
20/07/2026 08:30:00 - 20/07/2026 08:45:00;111,65
20/07/2026 08:45:00 - 20/07/2026 09:00:00;104,29
20/07/2026 09:00:00 - 20/07/2026 09:15:00;80
20/07/2026 09:15:00 - 20/07/2026 09:30:00;85
20/07/2026 09:30:00 - 20/07/2026 09:45:00;89,33
20/07/2026 09:45:00 - 20/07/2026 10:00:00;65,82
20/07/2026 10:00:00 - 20/07/2026 10:15:00;83,1
20/07/2026 10:15:00 - 20/07/2026 10:30:00;73,36
20/07/2026 10:30:00 - 20/07/2026 10:45:00;57,92
20/07/2026 10:45:00 - 20/07/2026 11:00:00;23,9
20/07/2026 11:00:00 - 20/07/2026 11:15:00;65,51
20/07/2026 11:15:00 - 20/07/2026 11:30:00;45
20/07/2026 11:30:00 - 20/07/2026 11:45:00;25,53
20/07/2026 11:45:00 - 20/07/2026 12:00:00;40
20/07/2026 12:00:00 - 20/07/2026 12:15:00;68,92
20/07/2026 12:15:00 - 20/07/2026 12:30:00;65,82
20/07/2026 12:30:00 - 20/07/2026 12:45:00;65,81
20/07/2026 12:45:00 - 20/07/2026 13:00:00;65,82
20/07/2026 13:00:00 - 20/07/2026 13:15:00;47,62
20/07/2026 13:15:00 - 20/07/2026 13:30:00;48,32
20/07/2026 13:30:00 - 20/07/2026 13:45:00;38,19
20/07/2026 13:45:00 - 20/07/2026 14:00:00;36,21
20/07/2026 14:00:00 - 20/07/2026 14:15:00;47,64
20/07/2026 14:15:00 - 20/07/2026 14:30:00;51,78
20/07/2026 14:30:00 - 20/07/2026 14:45:00;59,2
20/07/2026 14:45:00 - 20/07/2026 15:00:00;72,56
20/07/2026 15:00:00 - 20/07/2026 15:15:00;58,28
20/07/2026 15:15:00 - 20/07/2026 15:30:00;71,61
20/07/2026 15:30:00 - 20/07/2026 15:45:00;96,94
20/07/2026 15:45:00 - 20/07/2026 16:00:00;100,01
20/07/2026 16:00:00 - 20/07/2026 16:15:00;64,97
20/07/2026 16:15:00 - 20/07/2026 16:30:00;66,23
20/07/2026 16:30:00 - 20/07/2026 16:45:00;117,26
20/07/2026 16:45:00 - 20/07/2026 17:00:00;145,32
20/07/2026 17:00:00 - 20/07/2026 17:15:00;73,31
20/07/2026 17:15:00 - 20/07/2026 17:30:00;125,42
20/07/2026 17:30:00 - 20/07/2026 17:45:00;153,1
20/07/2026 17:45:00 - 20/07/2026 18:00:00;158,93
20/07/2026 18:00:00 - 20/07/2026 18:15:00;155,7
20/07/2026 18:15:00 - 20/07/2026 18:30:00;187,09
20/07/2026 18:30:00 - 20/07/2026 18:45:00;195,78
20/07/2026 18:45:00 - 20/07/2026 19:00:00;176,86
20/07/2026 19:00:00 - 20/07/2026 19:15:00;171,37
20/07/2026 19:15:00 - 20/07/2026 19:30:00;184,62
20/07/2026 19:30:00 - 20/07/2026 19:45:00;183,21
20/07/2026 19:45:00 - 20/07/2026 20:00:00;181,42
20/07/2026 20:00:00 - 20/07/2026 20:15:00;181,95
20/07/2026 20:15:00 - 20/07/2026 20:30:00;177,81
20/07/2026 20:30:00 - 20/07/2026 20:45:00;191,46
20/07/2026 20:45:00 - 20/07/2026 21:00:00;193,07
20/07/2026 21:00:00 - 20/07/2026 21:15:00;222,81
20/07/2026 21:15:00 - 20/07/2026 21:30:00;180,35
20/07/2026 21:30:00 - 20/07/2026 21:45:00;179,92
20/07/2026 21:45:00 - 20/07/2026 22:00:00;178
20/07/2026 22:00:00 - 20/07/2026 22:15:00;186,34
20/07/2026 22:15:00 - 20/07/2026 22:30:00;175,98
20/07/2026 22:30:00 - 20/07/2026 22:45:00;171,94
20/07/2026 22:45:00 - 20/07/2026 23:00:00;165
20/07/2026 23:00:00 - 20/07/2026 23:15:00;172,23
20/07/2026 23:15:00 - 20/07/2026 23:30:00;165,88
20/07/2026 23:30:00 - 20/07/2026 23:45:00;166,13
20/07/2026 23:45:00 - 21/07/2026 00:00:00;155,7
21/07/2026 00:00:00 - 21/07/2026 00:15:00;183,63
21/07/2026 00:15:00 - 21/07/2026 00:30:00;177,37
21/07/2026 00:30:00 - 21/07/2026 00:45:00;167,54
21/07/2026 00:45:00 - 21/07/2026 01:00:00;160,14
21/07/2026 01:00:00 - 21/07/2026 01:15:00;161,85
21/07/2026 01:15:00 - 21/07/2026 01:30:00;160,14
21/07/2026 01:30:00 - 21/07/2026 01:45:00;164,15
21/07/2026 01:45:00 - 21/07/2026 02:00:00;161,65
21/07/2026 02:00:00 - 21/07/2026 02:15:00;162,84
21/07/2026 02:15:00 - 21/07/2026 02:30:00;162,13
21/07/2026 02:30:00 - 21/07/2026 02:45:00;163,13
21/07/2026 02:45:00 - 21/07/2026 03:00:00;152,6
21/07/2026 03:00:00 - 21/07/2026 03:15:00;150,73
21/07/2026 03:15:00 - 21/07/2026 03:30:00;148,85
21/07/2026 03:30:00 - 21/07/2026 03:45:00;149,5
21/07/2026 03:45:00 - 21/07/2026 04:00:00;150,58
21/07/2026 04:00:00 - 21/07/2026 04:15:00;135,03
21/07/2026 04:15:00 - 21/07/2026 04:30:00;144,18
21/07/2026 04:30:00 - 21/07/2026 04:45:00;155,53
21/07/2026 04:45:00 - 21/07/2026 05:00:00;157,35
21/07/2026 05:00:00 - 21/07/2026 05:15:00;151,06
21/07/2026 05:15:00 - 21/07/2026 05:30:00;155,53
21/07/2026 05:30:00 - 21/07/2026 05:45:00;155,52
21/07/2026 05:45:00 - 21/07/2026 06:00:00;154,65
21/07/2026 06:00:00 - 21/07/2026 06:15:00;155,19
21/07/2026 06:15:00 - 21/07/2026 06:30:00;162,14
21/07/2026 06:30:00 - 21/07/2026 06:45:00;160,34
21/07/2026 06:45:00 - 21/07/2026 07:00:00;156,78
21/07/2026 07:00:00 - 21/07/2026 07:15:00;167
21/07/2026 07:15:00 - 21/07/2026 07:30:00;159,35
21/07/2026 07:30:00 - 21/07/2026 07:45:00;155,01
21/07/2026 07:45:00 - 21/07/2026 08:00:00;136,35
21/07/2026 08:00:00 - 21/07/2026 08:15:00;164,78
21/07/2026 08:15:00 - 21/07/2026 08:30:00;137,76
21/07/2026 08:30:00 - 21/07/2026 08:45:00;142,16
21/07/2026 08:45:00 - 21/07/2026 09:00:00;122,5
21/07/2026 09:00:00 - 21/07/2026 09:15:00;111,74
21/07/2026 09:15:00 - 21/07/2026 09:30:00;99,59
21/07/2026 09:30:00 - 21/07/2026 09:45:00;107,37
21/07/2026 09:45:00 - 21/07/2026 10:00:00;80,28
21/07/2026 10:00:00 - 21/07/2026 10:15:00;103,17
21/07/2026 10:15:00 - 21/07/2026 10:30:00;88,15
21/07/2026 10:30:00 - 21/07/2026 10:45:00;92,24
21/07/2026 10:45:00 - 21/07/2026 11:00:00;87
21/07/2026 11:00:00 - 21/07/2026 11:15:00;90,72
21/07/2026 11:15:00 - 21/07/2026 11:30:00;99,95
21/07/2026 11:30:00 - 21/07/2026 11:45:00;89
21/07/2026 11:45:00 - 21/07/2026 12:00:00;89
21/07/2026 12:00:00 - 21/07/2026 12:15:00;80,18
21/07/2026 12:15:00 - 21/07/2026 12:30:00;85,51
21/07/2026 12:30:00 - 21/07/2026 12:45:00;78,57
21/07/2026 12:45:00 - 21/07/2026 13:00:00;77,21
21/07/2026 13:00:00 - 21/07/2026 13:15:00;48,6
21/07/2026 13:15:00 - 21/07/2026 13:30:00;65,81
21/07/2026 13:30:00 - 21/07/2026 13:45:00;90,01
21/07/2026 13:45:00 - 21/07/2026 14:00:00;89
21/07/2026 14:00:00 - 21/07/2026 14:15:00;44,02
21/07/2026 14:15:00 - 21/07/2026 14:30:00;59,04
21/07/2026 14:30:00 - 21/07/2026 14:45:00;64,39
21/07/2026 14:45:00 - 21/07/2026 15:00:00;88,3
21/07/2026 15:00:00 - 21/07/2026 15:15:00;38,57
21/07/2026 15:15:00 - 21/07/2026 15:30:00;46,78
21/07/2026 15:30:00 - 21/07/2026 15:45:00;65,81
21/07/2026 15:45:00 - 21/07/2026 16:00:00;103,03
21/07/2026 16:00:00 - 21/07/2026 16:15:00;38,56
21/07/2026 16:15:00 - 21/07/2026 16:30:00;93,73
21/07/2026 16:30:00 - 21/07/2026 16:45:00;119,88
21/07/2026 16:45:00 - 21/07/2026 17:00:00;145,81
21/07/2026 17:00:00 - 21/07/2026 17:15:00;108,78
21/07/2026 17:15:00 - 21/07/2026 17:30:00;122,27
21/07/2026 17:30:00 - 21/07/2026 17:45:00;169,62
21/07/2026 17:45:00 - 21/07/2026 18:00:00;184,37
21/07/2026 18:00:00 - 21/07/2026 18:15:00;190,81
21/07/2026 18:15:00 - 21/07/2026 18:30:00;193,35
21/07/2026 18:30:00 - 21/07/2026 18:45:00;185,04
21/07/2026 18:45:00 - 21/07/2026 19:00:00;180,13
21/07/2026 19:00:00 - 21/07/2026 19:15:00;211,31
21/07/2026 19:15:00 - 21/07/2026 19:30:00;216,94
21/07/2026 19:30:00 - 21/07/2026 19:45:00;199,32
21/07/2026 19:45:00 - 21/07/2026 20:00:00;207,15
21/07/2026 20:00:00 - 21/07/2026 20:15:00;194
21/07/2026 20:15:00 - 21/07/2026 20:30:00;176,36
21/07/2026 20:30:00 - 21/07/2026 20:45:00;184,97
21/07/2026 20:45:00 - 21/07/2026 21:00:00;181,31
21/07/2026 21:00:00 - 21/07/2026 21:15:00;176,91
21/07/2026 21:15:00 - 21/07/2026 21:30:00;175,76
21/07/2026 21:30:00 - 21/07/2026 21:45:00;174,37
21/07/2026 21:45:00 - 21/07/2026 22:00:00;169,35
21/07/2026 22:00:00 - 21/07/2026 22:15:00;193,66
21/07/2026 22:15:00 - 21/07/2026 22:30:00;192,55
21/07/2026 22:30:00 - 21/07/2026 22:45:00;188,92
21/07/2026 22:45:00 - 21/07/2026 23:00:00;182,92
21/07/2026 23:00:00 - 21/07/2026 23:15:00;165,4
21/07/2026 23:15:00 - 21/07/2026 23:30:00;156,12
21/07/2026 23:30:00 - 21/07/2026 23:45:00;168,66
21/07/2026 23:45:00 - 22/07/2026 00:00:00;148,29
22/07/2026 00:00:00 - 22/07/2026 00:15:00;174,18
22/07/2026 00:15:00 - 22/07/2026 00:30:00;170,06
22/07/2026 00:30:00 - 22/07/2026 00:45:00;152,01
22/07/2026 00:45:00 - 22/07/2026 01:00:00;146,2
22/07/2026 01:00:00 - 22/07/2026 01:15:00;157,51
22/07/2026 01:15:00 - 22/07/2026 01:30:00;149,87
22/07/2026 01:30:00 - 22/07/2026 01:45:00;150,12
22/07/2026 01:45:00 - 22/07/2026 02:00:00;143,25
22/07/2026 02:00:00 - 22/07/2026 02:15:00;163,2
22/07/2026 02:15:00 - 22/07/2026 02:30:00;156,71
22/07/2026 02:30:00 - 22/07/2026 02:45:00;150,13
22/07/2026 02:45:00 - 22/07/2026 03:00:00;141,47
22/07/2026 03:00:00 - 22/07/2026 03:15:00;147,62
22/07/2026 03:15:00 - 22/07/2026 03:30:00;135,55
22/07/2026 03:30:00 - 22/07/2026 03:45:00;132,72
22/07/2026 03:45:00 - 22/07/2026 04:00:00;131,45
22/07/2026 04:00:00 - 22/07/2026 04:15:00;131,04
22/07/2026 04:15:00 - 22/07/2026 04:30:00;130,53
22/07/2026 04:30:00 - 22/07/2026 04:45:00;131,82
22/07/2026 04:45:00 - 22/07/2026 05:00:00;132,42
22/07/2026 05:00:00 - 22/07/2026 05:15:00;134,73
22/07/2026 05:15:00 - 22/07/2026 05:30:00;142,33
22/07/2026 05:30:00 - 22/07/2026 05:45:00;145,87
22/07/2026 05:45:00 - 22/07/2026 06:00:00;151,55
22/07/2026 06:00:00 - 22/07/2026 06:15:00;152,44
22/07/2026 06:15:00 - 22/07/2026 06:30:00;155,82
22/07/2026 06:30:00 - 22/07/2026 06:45:00;160,77
22/07/2026 06:45:00 - 22/07/2026 07:00:00;149,28
22/07/2026 07:00:00 - 22/07/2026 07:15:00;172,9
22/07/2026 07:15:00 - 22/07/2026 07:30:00;162,67
22/07/2026 07:30:00 - 22/07/2026 07:45:00;135,09
22/07/2026 07:45:00 - 22/07/2026 08:00:00;119,65
22/07/2026 08:00:00 - 22/07/2026 08:15:00;172,52
22/07/2026 08:15:00 - 22/07/2026 08:30:00;153,68
22/07/2026 08:30:00 - 22/07/2026 08:45:00;124,73
22/07/2026 08:45:00 - 22/07/2026 09:00:00;110
22/07/2026 09:00:00 - 22/07/2026 09:15:00;124,49
22/07/2026 09:15:00 - 22/07/2026 09:30:00;116
22/07/2026 09:30:00 - 22/07/2026 09:45:00;96,62
22/07/2026 09:45:00 - 22/07/2026 10:00:00;65,49
22/07/2026 10:00:00 - 22/07/2026 10:15:00;100,02
22/07/2026 10:15:00 - 22/07/2026 10:30:00;87,48
22/07/2026 10:30:00 - 22/07/2026 10:45:00;70,11
22/07/2026 10:45:00 - 22/07/2026 11:00:00;49,13
22/07/2026 11:00:00 - 22/07/2026 11:15:00;48,78
22/07/2026 11:15:00 - 22/07/2026 11:30:00;48
22/07/2026 11:30:00 - 22/07/2026 11:45:00;59,74
22/07/2026 11:45:00 - 22/07/2026 12:00:00;53,64
22/07/2026 12:00:00 - 22/07/2026 12:15:00;46,14
22/07/2026 12:15:00 - 22/07/2026 12:30:00;56,01
22/07/2026 12:30:00 - 22/07/2026 12:45:00;48,17
22/07/2026 12:45:00 - 22/07/2026 13:00:00;50,9
22/07/2026 13:00:00 - 22/07/2026 13:15:00;56,74
22/07/2026 13:15:00 - 22/07/2026 13:30:00;55
22/07/2026 13:30:00 - 22/07/2026 13:45:00;52,79
22/07/2026 13:45:00 - 22/07/2026 14:00:00;45,45
22/07/2026 14:00:00 - 22/07/2026 14:15:00;48
22/07/2026 14:15:00 - 22/07/2026 14:30:00;39,72
22/07/2026 14:30:00 - 22/07/2026 14:45:00;48
22/07/2026 14:45:00 - 22/07/2026 15:00:00;55,07
22/07/2026 15:00:00 - 22/07/2026 15:15:00;41,07
22/07/2026 15:15:00 - 22/07/2026 15:30:00;48
22/07/2026 15:30:00 - 22/07/2026 15:45:00;48
22/07/2026 15:45:00 - 22/07/2026 16:00:00;61,24
22/07/2026 16:00:00 - 22/07/2026 16:15:00;36,74
22/07/2026 16:15:00 - 22/07/2026 16:30:00;65,95
22/07/2026 16:30:00 - 22/07/2026 16:45:00;64,36
22/07/2026 16:45:00 - 22/07/2026 17:00:00;107,21
22/07/2026 17:00:00 - 22/07/2026 17:15:00;24,99
22/07/2026 17:15:00 - 22/07/2026 17:30:00;105,65
22/07/2026 17:30:00 - 22/07/2026 17:45:00;142,21
22/07/2026 17:45:00 - 22/07/2026 18:00:00;167,77
22/07/2026 18:00:00 - 22/07/2026 18:15:00;119,22
22/07/2026 18:15:00 - 22/07/2026 18:30:00;129,98
22/07/2026 18:30:00 - 22/07/2026 18:45:00;146,16
22/07/2026 18:45:00 - 22/07/2026 19:00:00;154,04
22/07/2026 19:00:00 - 22/07/2026 19:15:00;142,4
22/07/2026 19:15:00 - 22/07/2026 19:30:00;148,04
22/07/2026 19:30:00 - 22/07/2026 19:45:00;147,47
22/07/2026 19:45:00 - 22/07/2026 20:00:00;135,01
22/07/2026 20:00:00 - 22/07/2026 20:15:00;135
22/07/2026 20:15:00 - 22/07/2026 20:30:00;135,01
22/07/2026 20:30:00 - 22/07/2026 20:45:00;106,39
22/07/2026 20:45:00 - 22/07/2026 21:00:00;131,47
22/07/2026 21:00:00 - 22/07/2026 21:15:00;85,57
22/07/2026 21:15:00 - 22/07/2026 21:30:00;110,01
22/07/2026 21:30:00 - 22/07/2026 21:45:00;130,26
22/07/2026 21:45:00 - 22/07/2026 22:00:00;131,67
22/07/2026 22:00:00 - 22/07/2026 22:15:00;144,42
22/07/2026 22:15:00 - 22/07/2026 22:30:00;146,33
22/07/2026 22:30:00 - 22/07/2026 22:45:00;160,15
22/07/2026 22:45:00 - 22/07/2026 23:00:00;153,91
22/07/2026 23:00:00 - 22/07/2026 23:15:00;160,15
22/07/2026 23:15:00 - 22/07/2026 23:30:00;148,81
22/07/2026 23:30:00 - 22/07/2026 23:45:00;147,27
22/07/2026 23:45:00 - 23/07/2026 00:00:00;137,3
23/07/2026 00:00:00 - 23/07/2026 00:15:00;165,22
23/07/2026 00:15:00 - 23/07/2026 00:30:00;156,16
23/07/2026 00:30:00 - 23/07/2026 00:45:00;147,87
23/07/2026 00:45:00 - 23/07/2026 01:00:00;138,95
23/07/2026 01:00:00 - 23/07/2026 01:15:00;149,99
23/07/2026 01:15:00 - 23/07/2026 01:30:00;146,5
23/07/2026 01:30:00 - 23/07/2026 01:45:00;145,49
23/07/2026 01:45:00 - 23/07/2026 02:00:00;136,26
23/07/2026 02:00:00 - 23/07/2026 02:15:00;144,61
23/07/2026 02:15:00 - 23/07/2026 02:30:00;142,07
23/07/2026 02:30:00 - 23/07/2026 02:45:00;140,1
23/07/2026 02:45:00 - 23/07/2026 03:00:00;136,22
23/07/2026 03:00:00 - 23/07/2026 03:15:00;137,6
23/07/2026 03:15:00 - 23/07/2026 03:30:00;143,01
23/07/2026 03:30:00 - 23/07/2026 03:45:00;139,53
23/07/2026 03:45:00 - 23/07/2026 04:00:00;139,55
23/07/2026 04:00:00 - 23/07/2026 04:15:00;138,06
23/07/2026 04:15:00 - 23/07/2026 04:30:00;143,17
23/07/2026 04:30:00 - 23/07/2026 04:45:00;145,08
23/07/2026 04:45:00 - 23/07/2026 05:00:00;147,71
23/07/2026 05:00:00 - 23/07/2026 05:15:00;142,53
23/07/2026 05:15:00 - 23/07/2026 05:30:00;146,68
23/07/2026 05:30:00 - 23/07/2026 05:45:00;154,11
23/07/2026 05:45:00 - 23/07/2026 06:00:00;158,03
23/07/2026 06:00:00 - 23/07/2026 06:15:00;158
23/07/2026 06:15:00 - 23/07/2026 06:30:00;164,84
23/07/2026 06:30:00 - 23/07/2026 06:45:00;162,64
23/07/2026 06:45:00 - 23/07/2026 07:00:00;136,41
23/07/2026 07:00:00 - 23/07/2026 07:15:00;114,77
23/07/2026 07:15:00 - 23/07/2026 07:30:00;95,73
23/07/2026 07:30:00 - 23/07/2026 07:45:00;72,01
23/07/2026 07:45:00 - 23/07/2026 08:00:00;15,49
23/07/2026 08:00:00 - 23/07/2026 08:15:00;102,08
23/07/2026 08:15:00 - 23/07/2026 08:30:00;13,14
23/07/2026 08:30:00 - 23/07/2026 08:45:00;15,49
23/07/2026 08:45:00 - 23/07/2026 09:00:00;12,26
23/07/2026 09:00:00 - 23/07/2026 09:15:00;10
23/07/2026 09:15:00 - 23/07/2026 09:30:00;8,43
23/07/2026 09:30:00 - 23/07/2026 09:45:00;8,43
23/07/2026 09:45:00 - 23/07/2026 10:00:00;10
23/07/2026 10:00:00 - 23/07/2026 10:15:00;10
23/07/2026 10:15:00 - 23/07/2026 10:30:00;10
23/07/2026 10:30:00 - 23/07/2026 10:45:00;12,77
23/07/2026 10:45:00 - 23/07/2026 11:00:00;27,8
23/07/2026 11:00:00 - 23/07/2026 11:15:00;80
23/07/2026 11:15:00 - 23/07/2026 11:30:00;84,38
23/07/2026 11:30:00 - 23/07/2026 11:45:00;78,23
23/07/2026 11:45:00 - 23/07/2026 12:00:00;49,47
23/07/2026 12:00:00 - 23/07/2026 12:15:00;51,59
23/07/2026 12:15:00 - 23/07/2026 12:30:00;37,05
23/07/2026 12:30:00 - 23/07/2026 12:45:00;43,49
23/07/2026 12:45:00 - 23/07/2026 13:00:00;27,87
23/07/2026 13:00:00 - 23/07/2026 13:15:00;54,67
23/07/2026 13:15:00 - 23/07/2026 13:30:00;40,8
23/07/2026 13:30:00 - 23/07/2026 13:45:00;35,57
23/07/2026 13:45:00 - 23/07/2026 14:00:00;34,99
23/07/2026 14:00:00 - 23/07/2026 14:15:00;28,45
23/07/2026 14:15:00 - 23/07/2026 14:30:00;30,2
23/07/2026 14:30:00 - 23/07/2026 14:45:00;58,05
23/07/2026 14:45:00 - 23/07/2026 15:00:00;47,8
23/07/2026 15:00:00 - 23/07/2026 15:15:00;28,37
23/07/2026 15:15:00 - 23/07/2026 15:30:00;40,99
23/07/2026 15:30:00 - 23/07/2026 15:45:00;38,5
23/07/2026 15:45:00 - 23/07/2026 16:00:00;93,02
23/07/2026 16:00:00 - 23/07/2026 16:15:00;68
23/07/2026 16:15:00 - 23/07/2026 16:30:00;115,28
23/07/2026 16:30:00 - 23/07/2026 16:45:00;95,84
23/07/2026 16:45:00 - 23/07/2026 17:00:00;130,04
23/07/2026 17:00:00 - 23/07/2026 17:15:00;73,8
23/07/2026 17:15:00 - 23/07/2026 17:30:00;109,97
23/07/2026 17:30:00 - 23/07/2026 17:45:00;130,42
23/07/2026 17:45:00 - 23/07/2026 18:00:00;158,12
23/07/2026 18:00:00 - 23/07/2026 18:15:00;130,72
23/07/2026 18:15:00 - 23/07/2026 18:30:00;153,65
23/07/2026 18:30:00 - 23/07/2026 18:45:00;162,22
23/07/2026 18:45:00 - 23/07/2026 19:00:00;168,32
23/07/2026 19:00:00 - 23/07/2026 19:15:00;152,77
23/07/2026 19:15:00 - 23/07/2026 19:30:00;164,67
23/07/2026 19:30:00 - 23/07/2026 19:45:00;168,27
23/07/2026 19:45:00 - 23/07/2026 20:00:00;175,14
23/07/2026 20:00:00 - 23/07/2026 20:15:00;172,79
23/07/2026 20:15:00 - 23/07/2026 20:30:00;188,45
23/07/2026 20:30:00 - 23/07/2026 20:45:00;193,13
23/07/2026 20:45:00 - 23/07/2026 21:00:00;197,5
23/07/2026 21:00:00 - 23/07/2026 21:15:00;192,84
23/07/2026 21:15:00 - 23/07/2026 21:30:00;191,79
23/07/2026 21:30:00 - 23/07/2026 21:45:00;189,7
23/07/2026 21:45:00 - 23/07/2026 22:00:00;185,67
23/07/2026 22:00:00 - 23/07/2026 22:15:00;195,92
23/07/2026 22:15:00 - 23/07/2026 22:30:00;188,96
23/07/2026 22:30:00 - 23/07/2026 22:45:00;184,29
23/07/2026 22:45:00 - 23/07/2026 23:00:00;177
23/07/2026 23:00:00 - 23/07/2026 23:15:00;181,68
23/07/2026 23:15:00 - 23/07/2026 23:30:00;170,66
23/07/2026 23:30:00 - 23/07/2026 23:45:00;166,94
23/07/2026 23:45:00 - 24/07/2026 00:00:00;162,4
24/07/2026 00:00:00 - 24/07/2026 00:15:00;168,22
24/07/2026 00:15:00 - 24/07/2026 00:30:00;163,65
24/07/2026 00:30:00 - 24/07/2026 00:45:00;160,58
24/07/2026 00:45:00 - 24/07/2026 01:00:00;151,56
24/07/2026 01:00:00 - 24/07/2026 01:15:00;162,83
24/07/2026 01:15:00 - 24/07/2026 01:30:00;158,1
24/07/2026 01:30:00 - 24/07/2026 01:45:00;155,89
24/07/2026 01:45:00 - 24/07/2026 02:00:00;151,94
24/07/2026 02:00:00 - 24/07/2026 02:15:00;155,26
24/07/2026 02:15:00 - 24/07/2026 02:30:00;151,69
24/07/2026 02:30:00 - 24/07/2026 02:45:00;152,77
24/07/2026 02:45:00 - 24/07/2026 03:00:00;153,31
24/07/2026 03:00:00 - 24/07/2026 03:15:00;146,66
24/07/2026 03:15:00 - 24/07/2026 03:30:00;144,2
24/07/2026 03:30:00 - 24/07/2026 03:45:00;142,72
24/07/2026 03:45:00 - 24/07/2026 04:00:00;143,19
24/07/2026 04:00:00 - 24/07/2026 04:15:00;138,44
24/07/2026 04:15:00 - 24/07/2026 04:30:00;136
24/07/2026 04:30:00 - 24/07/2026 04:45:00;135,62
24/07/2026 04:45:00 - 24/07/2026 05:00:00;142,4
24/07/2026 05:00:00 - 24/07/2026 05:15:00;152,99
24/07/2026 05:15:00 - 24/07/2026 05:30:00;158,51
24/07/2026 05:30:00 - 24/07/2026 05:45:00;165,06
24/07/2026 05:45:00 - 24/07/2026 06:00:00;169,03
24/07/2026 06:00:00 - 24/07/2026 06:15:00;167,94
24/07/2026 06:15:00 - 24/07/2026 06:30:00;176,75
24/07/2026 06:30:00 - 24/07/2026 06:45:00;167,58
24/07/2026 06:45:00 - 24/07/2026 07:00:00;136,08
24/07/2026 07:00:00 - 24/07/2026 07:15:00;130,79
24/07/2026 07:15:00 - 24/07/2026 07:30:00;123,09
24/07/2026 07:30:00 - 24/07/2026 07:45:00;125,59
24/07/2026 07:45:00 - 24/07/2026 08:00:00;136,44
24/07/2026 08:00:00 - 24/07/2026 08:15:00;124,01
24/07/2026 08:15:00 - 24/07/2026 08:30:00;166,76
24/07/2026 08:30:00 - 24/07/2026 08:45:00;117,72
24/07/2026 08:45:00 - 24/07/2026 09:00:00;117,67
24/07/2026 09:00:00 - 24/07/2026 09:15:00;136,22
24/07/2026 09:15:00 - 24/07/2026 09:30:00;99,03
24/07/2026 09:30:00 - 24/07/2026 09:45:00;106,88
24/07/2026 09:45:00 - 24/07/2026 10:00:00;101,89
24/07/2026 10:00:00 - 24/07/2026 10:15:00;112,84
24/07/2026 10:15:00 - 24/07/2026 10:30:00;101,75
24/07/2026 10:30:00 - 24/07/2026 10:45:00;93,64
24/07/2026 10:45:00 - 24/07/2026 11:00:00;82,12
24/07/2026 11:00:00 - 24/07/2026 11:15:00;79,12
24/07/2026 11:15:00 - 24/07/2026 11:30:00;70,01
24/07/2026 11:30:00 - 24/07/2026 11:45:00;72,89
24/07/2026 11:45:00 - 24/07/2026 12:00:00;66,89
24/07/2026 12:00:00 - 24/07/2026 12:15:00;64,18
24/07/2026 12:15:00 - 24/07/2026 12:30:00;80,01
24/07/2026 12:30:00 - 24/07/2026 12:45:00;100
24/07/2026 12:45:00 - 24/07/2026 13:00:00;100
24/07/2026 13:00:00 - 24/07/2026 13:15:00;100,01
24/07/2026 13:15:00 - 24/07/2026 13:30:00;100,01
24/07/2026 13:30:00 - 24/07/2026 13:45:00;100,01
24/07/2026 13:45:00 - 24/07/2026 14:00:00;100,03
24/07/2026 14:00:00 - 24/07/2026 14:15:00;106,3
24/07/2026 14:15:00 - 24/07/2026 14:30:00;100,01
24/07/2026 14:30:00 - 24/07/2026 14:45:00;100
24/07/2026 14:45:00 - 24/07/2026 15:00:00;88,93
24/07/2026 15:00:00 - 24/07/2026 15:15:00;80
24/07/2026 15:15:00 - 24/07/2026 15:30:00;79,99
24/07/2026 15:30:00 - 24/07/2026 15:45:00;87
24/07/2026 15:45:00 - 24/07/2026 16:00:00;78,76
24/07/2026 16:00:00 - 24/07/2026 16:15:00;49,31
24/07/2026 16:15:00 - 24/07/2026 16:30:00;82,91
24/07/2026 16:30:00 - 24/07/2026 16:45:00;101,07
24/07/2026 16:45:00 - 24/07/2026 17:00:00;119,56
24/07/2026 17:00:00 - 24/07/2026 17:15:00;82,95
24/07/2026 17:15:00 - 24/07/2026 17:30:00;120,15
24/07/2026 17:30:00 - 24/07/2026 17:45:00;129,68
24/07/2026 17:45:00 - 24/07/2026 18:00:00;142,29
24/07/2026 18:00:00 - 24/07/2026 18:15:00;130,77
24/07/2026 18:15:00 - 24/07/2026 18:30:00;149,76
24/07/2026 18:30:00 - 24/07/2026 18:45:00;166,07
24/07/2026 18:45:00 - 24/07/2026 19:00:00;145,02
24/07/2026 19:00:00 - 24/07/2026 19:15:00;133,31
24/07/2026 19:15:00 - 24/07/2026 19:30:00;119,65
24/07/2026 19:30:00 - 24/07/2026 19:45:00;122,99
24/07/2026 19:45:00 - 24/07/2026 20:00:00;117,88
24/07/2026 20:00:00 - 24/07/2026 20:15:00;119,6
24/07/2026 20:15:00 - 24/07/2026 20:30:00;114
24/07/2026 20:30:00 - 24/07/2026 20:45:00;115,59
24/07/2026 20:45:00 - 24/07/2026 21:00:00;110,01
24/07/2026 21:00:00 - 24/07/2026 21:15:00;133,32
24/07/2026 21:15:00 - 24/07/2026 21:30:00;136,74
24/07/2026 21:30:00 - 24/07/2026 21:45:00;136,43
24/07/2026 21:45:00 - 24/07/2026 22:00:00;133,74
24/07/2026 22:00:00 - 24/07/2026 22:15:00;127,6
24/07/2026 22:15:00 - 24/07/2026 22:30:00;120,06
24/07/2026 22:30:00 - 24/07/2026 22:45:00;124,61
24/07/2026 22:45:00 - 24/07/2026 23:00:00;126,26
24/07/2026 23:00:00 - 24/07/2026 23:15:00;134,52
24/07/2026 23:15:00 - 24/07/2026 23:30:00;145,64
24/07/2026 23:30:00 - 24/07/2026 23:45:00;143,25
24/07/2026 23:45:00 - 25/07/2026 00:00:00;137,75
25/07/2026 00:00:00 - 25/07/2026 00:15:00;175,92
25/07/2026 00:15:00 - 25/07/2026 00:30:00;151,7
25/07/2026 00:30:00 - 25/07/2026 00:45:00;134,62
25/07/2026 00:45:00 - 25/07/2026 01:00:00;134,36
25/07/2026 01:00:00 - 25/07/2026 01:15:00;135,36
25/07/2026 01:15:00 - 25/07/2026 01:30:00;135,93
25/07/2026 01:30:00 - 25/07/2026 01:45:00;136,03
25/07/2026 01:45:00 - 25/07/2026 02:00:00;130,13
25/07/2026 02:00:00 - 25/07/2026 02:15:00;133,8
25/07/2026 02:15:00 - 25/07/2026 02:30:00;128,14
25/07/2026 02:30:00 - 25/07/2026 02:45:00;125,47
25/07/2026 02:45:00 - 25/07/2026 03:00:00;121,9
25/07/2026 03:00:00 - 25/07/2026 03:15:00;125,2
25/07/2026 03:15:00 - 25/07/2026 03:30:00;128,9
25/07/2026 03:30:00 - 25/07/2026 03:45:00;122,02
25/07/2026 03:45:00 - 25/07/2026 04:00:00;120,67
25/07/2026 04:00:00 - 25/07/2026 04:15:00;119,31
25/07/2026 04:15:00 - 25/07/2026 04:30:00;123,9
25/07/2026 04:30:00 - 25/07/2026 04:45:00;135
25/07/2026 04:45:00 - 25/07/2026 05:00:00;135,96
25/07/2026 05:00:00 - 25/07/2026 05:15:00;149,64
25/07/2026 05:15:00 - 25/07/2026 05:30:00;138,18
25/07/2026 05:30:00 - 25/07/2026 05:45:00;135
25/07/2026 05:45:00 - 25/07/2026 06:00:00;135
25/07/2026 06:00:00 - 25/07/2026 06:15:00;118,3
25/07/2026 06:15:00 - 25/07/2026 06:30:00;134,4
25/07/2026 06:30:00 - 25/07/2026 06:45:00;118,58
25/07/2026 06:45:00 - 25/07/2026 07:00:00;15,34
25/07/2026 07:00:00 - 25/07/2026 07:15:00;118,66
25/07/2026 07:15:00 - 25/07/2026 07:30:00;11
25/07/2026 07:30:00 - 25/07/2026 07:45:00;8
25/07/2026 07:45:00 - 25/07/2026 08:00:00;0,03
25/07/2026 08:00:00 - 25/07/2026 08:15:00;5,11
25/07/2026 08:15:00 - 25/07/2026 08:30:00;0,01
25/07/2026 08:30:00 - 25/07/2026 08:45:00;0,01
25/07/2026 08:45:00 - 25/07/2026 09:00:00;0
25/07/2026 09:00:00 - 25/07/2026 09:15:00;0,01
25/07/2026 09:15:00 - 25/07/2026 09:30:00;0,88
25/07/2026 09:30:00 - 25/07/2026 09:45:00;0,01
25/07/2026 09:45:00 - 25/07/2026 10:00:00;0
25/07/2026 10:00:00 - 25/07/2026 10:15:00;0
25/07/2026 10:15:00 - 25/07/2026 10:30:00;-0,01
25/07/2026 10:30:00 - 25/07/2026 10:45:00;-0,02
25/07/2026 10:45:00 - 25/07/2026 11:00:00;-0,02
25/07/2026 11:00:00 - 25/07/2026 11:15:00;-0,01
25/07/2026 11:15:00 - 25/07/2026 11:30:00;-0,01
25/07/2026 11:30:00 - 25/07/2026 11:45:00;-0,01
25/07/2026 11:45:00 - 25/07/2026 12:00:00;-0,01
25/07/2026 12:00:00 - 25/07/2026 12:15:00;-0,01
25/07/2026 12:15:00 - 25/07/2026 12:30:00;-0,01
25/07/2026 12:30:00 - 25/07/2026 12:45:00;-0,01
25/07/2026 12:45:00 - 25/07/2026 13:00:00;-0,01
25/07/2026 13:00:00 - 25/07/2026 13:15:00;-0,01
25/07/2026 13:15:00 - 25/07/2026 13:30:00;-0,01
25/07/2026 13:30:00 - 25/07/2026 13:45:00;-0,01
25/07/2026 13:45:00 - 25/07/2026 14:00:00;-0,01
25/07/2026 14:00:00 - 25/07/2026 14:15:00;-0,01
25/07/2026 14:15:00 - 25/07/2026 14:30:00;-0,01
25/07/2026 14:30:00 - 25/07/2026 14:45:00;-0,01
25/07/2026 14:45:00 - 25/07/2026 15:00:00;-0,01
25/07/2026 15:00:00 - 25/07/2026 15:15:00;-0,02
25/07/2026 15:15:00 - 25/07/2026 15:30:00;-0,02
25/07/2026 15:30:00 - 25/07/2026 15:45:00;-0,02
25/07/2026 15:45:00 - 25/07/2026 16:00:00;-0,01
25/07/2026 16:00:00 - 25/07/2026 16:15:00;-0,01
25/07/2026 16:15:00 - 25/07/2026 16:30:00;-0,01
25/07/2026 16:30:00 - 25/07/2026 16:45:00;0
25/07/2026 16:45:00 - 25/07/2026 17:00:00;0,01
25/07/2026 17:00:00 - 25/07/2026 17:15:00;0
25/07/2026 17:15:00 - 25/07/2026 17:30:00;0,64
25/07/2026 17:30:00 - 25/07/2026 17:45:00;40,66
25/07/2026 17:45:00 - 25/07/2026 18:00:00;154,48
25/07/2026 18:00:00 - 25/07/2026 18:15:00;56,66
25/07/2026 18:15:00 - 25/07/2026 18:30:00;126,45
25/07/2026 18:30:00 - 25/07/2026 18:45:00;134,2
25/07/2026 18:45:00 - 25/07/2026 19:00:00;172,33
25/07/2026 19:00:00 - 25/07/2026 19:15:00;126,76
25/07/2026 19:15:00 - 25/07/2026 19:30:00;135
25/07/2026 19:30:00 - 25/07/2026 19:45:00;136,01
25/07/2026 19:45:00 - 25/07/2026 20:00:00;110,01
25/07/2026 20:00:00 - 25/07/2026 20:15:00;156,53
25/07/2026 20:15:00 - 25/07/2026 20:30:00;152,45
25/07/2026 20:30:00 - 25/07/2026 20:45:00;159,71
25/07/2026 20:45:00 - 25/07/2026 21:00:00;153,69
25/07/2026 21:00:00 - 25/07/2026 21:15:00;164,41
25/07/2026 21:15:00 - 25/07/2026 21:30:00;164,41
25/07/2026 21:30:00 - 25/07/2026 21:45:00;165,5
25/07/2026 21:45:00 - 25/07/2026 22:00:00;164,41
25/07/2026 22:00:00 - 25/07/2026 22:15:00;155,82
25/07/2026 22:15:00 - 25/07/2026 22:30:00;142,3
25/07/2026 22:30:00 - 25/07/2026 22:45:00;140,38
25/07/2026 22:45:00 - 25/07/2026 23:00:00;158,56
25/07/2026 23:00:00 - 25/07/2026 23:15:00;166,84
25/07/2026 23:15:00 - 25/07/2026 23:30:00;160,33
25/07/2026 23:30:00 - 25/07/2026 23:45:00;160,64
25/07/2026 23:45:00 - 26/07/2026 00:00:00;152,19
26/07/2026 00:00:00 - 26/07/2026 00:15:00;135,73
26/07/2026 00:15:00 - 26/07/2026 00:30:00;134,42
26/07/2026 00:30:00 - 26/07/2026 00:45:00;135,32
26/07/2026 00:45:00 - 26/07/2026 01:00:00;128,72
26/07/2026 01:00:00 - 26/07/2026 01:15:00;133,08
26/07/2026 01:15:00 - 26/07/2026 01:30:00;129,49
26/07/2026 01:30:00 - 26/07/2026 01:45:00;132,88
26/07/2026 01:45:00 - 26/07/2026 02:00:00;131,64
26/07/2026 02:00:00 - 26/07/2026 02:15:00;132,86
26/07/2026 02:15:00 - 26/07/2026 02:30:00;128,15
26/07/2026 02:30:00 - 26/07/2026 02:45:00;128,49
26/07/2026 02:45:00 - 26/07/2026 03:00:00;127,64
26/07/2026 03:00:00 - 26/07/2026 03:15:00;152,49
26/07/2026 03:15:00 - 26/07/2026 03:30:00;163,17
26/07/2026 03:30:00 - 26/07/2026 03:45:00;163,07
26/07/2026 03:45:00 - 26/07/2026 04:00:00;160,11
26/07/2026 04:00:00 - 26/07/2026 04:15:00;157,65
26/07/2026 04:15:00 - 26/07/2026 04:30:00;150,45
26/07/2026 04:30:00 - 26/07/2026 04:45:00;149,44
26/07/2026 04:45:00 - 26/07/2026 05:00:00;147,85
26/07/2026 05:00:00 - 26/07/2026 05:15:00;134,5
26/07/2026 05:15:00 - 26/07/2026 05:30:00;129,58
26/07/2026 05:30:00 - 26/07/2026 05:45:00;127,1
26/07/2026 05:45:00 - 26/07/2026 06:00:00;123,5
26/07/2026 06:00:00 - 26/07/2026 06:15:00;143,12
26/07/2026 06:15:00 - 26/07/2026 06:30:00;135,53
26/07/2026 06:30:00 - 26/07/2026 06:45:00;130,96
26/07/2026 06:45:00 - 26/07/2026 07:00:00;117,47
26/07/2026 07:00:00 - 26/07/2026 07:15:00;128,19
26/07/2026 07:15:00 - 26/07/2026 07:30:00;122,31
26/07/2026 07:30:00 - 26/07/2026 07:45:00;65,71
26/07/2026 07:45:00 - 26/07/2026 08:00:00;9,2
26/07/2026 08:00:00 - 26/07/2026 08:15:00;22,73
26/07/2026 08:15:00 - 26/07/2026 08:30:00;10
26/07/2026 08:30:00 - 26/07/2026 08:45:00;9,99
26/07/2026 08:45:00 - 26/07/2026 09:00:00;5,11
26/07/2026 09:00:00 - 26/07/2026 09:15:00;8,43
26/07/2026 09:15:00 - 26/07/2026 09:30:00;8,43
26/07/2026 09:30:00 - 26/07/2026 09:45:00;2,35
26/07/2026 09:45:00 - 26/07/2026 10:00:00;0,3
26/07/2026 10:00:00 - 26/07/2026 10:15:00;0,12
26/07/2026 10:15:00 - 26/07/2026 10:30:00;0,03
26/07/2026 10:30:00 - 26/07/2026 10:45:00;0
26/07/2026 10:45:00 - 26/07/2026 11:00:00;0
26/07/2026 11:00:00 - 26/07/2026 11:15:00;0
26/07/2026 11:15:00 - 26/07/2026 11:30:00;0
26/07/2026 11:30:00 - 26/07/2026 11:45:00;0
26/07/2026 11:45:00 - 26/07/2026 12:00:00;-0,01
26/07/2026 12:00:00 - 26/07/2026 12:15:00;0
26/07/2026 12:15:00 - 26/07/2026 12:30:00;0
26/07/2026 12:30:00 - 26/07/2026 12:45:00;0
26/07/2026 12:45:00 - 26/07/2026 13:00:00;0
26/07/2026 13:00:00 - 26/07/2026 13:15:00;0
26/07/2026 13:15:00 - 26/07/2026 13:30:00;0
26/07/2026 13:30:00 - 26/07/2026 13:45:00;0
26/07/2026 13:45:00 - 26/07/2026 14:00:00;-0,01
26/07/2026 14:00:00 - 26/07/2026 14:15:00;-0,01
26/07/2026 14:15:00 - 26/07/2026 14:30:00;-0,01
26/07/2026 14:30:00 - 26/07/2026 14:45:00;-0,01
26/07/2026 14:45:00 - 26/07/2026 15:00:00;0
26/07/2026 15:00:00 - 26/07/2026 15:15:00;-0,01
26/07/2026 15:15:00 - 26/07/2026 15:30:00;0
26/07/2026 15:30:00 - 26/07/2026 15:45:00;0,03
26/07/2026 15:45:00 - 26/07/2026 16:00:00;0,52
26/07/2026 16:00:00 - 26/07/2026 16:15:00;0,32
26/07/2026 16:15:00 - 26/07/2026 16:30:00;1,76
26/07/2026 16:30:00 - 26/07/2026 16:45:00;5,1
26/07/2026 16:45:00 - 26/07/2026 17:00:00;26,9
26/07/2026 17:00:00 - 26/07/2026 17:15:00;6,95
26/07/2026 17:15:00 - 26/07/2026 17:30:00;52,67
26/07/2026 17:30:00 - 26/07/2026 17:45:00;141,4
26/07/2026 17:45:00 - 26/07/2026 18:00:00;169,73
26/07/2026 18:00:00 - 26/07/2026 18:15:00;123,26
26/07/2026 18:15:00 - 26/07/2026 18:30:00;145,48
26/07/2026 18:30:00 - 26/07/2026 18:45:00;173,2
26/07/2026 18:45:00 - 26/07/2026 19:00:00;179,87
26/07/2026 19:00:00 - 26/07/2026 19:15:00;155,56
26/07/2026 19:15:00 - 26/07/2026 19:30:00;138,46
26/07/2026 19:30:00 - 26/07/2026 19:45:00;134,01
26/07/2026 19:45:00 - 26/07/2026 20:00:00;134,84
26/07/2026 20:00:00 - 26/07/2026 20:15:00;135,32
26/07/2026 20:15:00 - 26/07/2026 20:30:00;128,06
26/07/2026 20:30:00 - 26/07/2026 20:45:00;118,4
26/07/2026 20:45:00 - 26/07/2026 21:00:00;118
26/07/2026 21:00:00 - 26/07/2026 21:15:00;116,92
26/07/2026 21:15:00 - 26/07/2026 21:30:00;119,9
26/07/2026 21:30:00 - 26/07/2026 21:45:00;122,93
26/07/2026 21:45:00 - 26/07/2026 22:00:00;120,41
26/07/2026 22:00:00 - 26/07/2026 22:15:00;116,82
26/07/2026 22:15:00 - 26/07/2026 22:30:00;116,81
26/07/2026 22:30:00 - 26/07/2026 22:45:00;117,81
26/07/2026 22:45:00 - 26/07/2026 23:00:00;139,84
26/07/2026 23:00:00 - 26/07/2026 23:15:00;145,35
26/07/2026 23:15:00 - 26/07/2026 23:30:00;138,09
26/07/2026 23:30:00 - 26/07/2026 23:45:00;136,73
26/07/2026 23:45:00 - 27/07/2026 00:00:00;127,01
27/07/2026 00:00:00 - 27/07/2026 00:15:00;130,82
27/07/2026 00:15:00 - 27/07/2026 00:30:00;111,68
27/07/2026 00:30:00 - 27/07/2026 00:45:00;112,45
27/07/2026 00:45:00 - 27/07/2026 01:00:00;104,02
27/07/2026 01:00:00 - 27/07/2026 01:15:00;116,89
27/07/2026 01:15:00 - 27/07/2026 01:30:00;101,35
27/07/2026 01:30:00 - 27/07/2026 01:45:00;84,47
27/07/2026 01:45:00 - 27/07/2026 02:00:00;68,99
27/07/2026 02:00:00 - 27/07/2026 02:15:00;94,88
27/07/2026 02:15:00 - 27/07/2026 02:30:00;72
27/07/2026 02:30:00 - 27/07/2026 02:45:00;83,77
27/07/2026 02:45:00 - 27/07/2026 03:00:00;73
27/07/2026 03:00:00 - 27/07/2026 03:15:00;85,22
27/07/2026 03:15:00 - 27/07/2026 03:30:00;73,1
27/07/2026 03:30:00 - 27/07/2026 03:45:00;76,15
27/07/2026 03:45:00 - 27/07/2026 04:00:00;74,16
27/07/2026 04:00:00 - 27/07/2026 04:15:00;70,29
27/07/2026 04:15:00 - 27/07/2026 04:30:00;72
27/07/2026 04:30:00 - 27/07/2026 04:45:00;72,57
27/07/2026 04:45:00 - 27/07/2026 05:00:00;92,32
27/07/2026 05:00:00 - 27/07/2026 05:15:00;73,92
27/07/2026 05:15:00 - 27/07/2026 05:30:00;117,72
27/07/2026 05:30:00 - 27/07/2026 05:45:00;127,13
27/07/2026 05:45:00 - 27/07/2026 06:00:00;141,01
27/07/2026 06:00:00 - 27/07/2026 06:15:00;104,79
27/07/2026 06:15:00 - 27/07/2026 06:30:00;119,05
27/07/2026 06:30:00 - 27/07/2026 06:45:00;127,09
27/07/2026 06:45:00 - 27/07/2026 07:00:00;134,93
27/07/2026 07:00:00 - 27/07/2026 07:15:00;136,2
27/07/2026 07:15:00 - 27/07/2026 07:30:00;133,51
27/07/2026 07:30:00 - 27/07/2026 07:45:00;126,1
27/07/2026 07:45:00 - 27/07/2026 08:00:00;123,79
27/07/2026 08:00:00 - 27/07/2026 08:15:00;151,64
27/07/2026 08:15:00 - 27/07/2026 08:30:00;132,52
27/07/2026 08:30:00 - 27/07/2026 08:45:00;112,06
27/07/2026 08:45:00 - 27/07/2026 09:00:00;91,88
27/07/2026 09:00:00 - 27/07/2026 09:15:00;108,15
27/07/2026 09:15:00 - 27/07/2026 09:30:00;65,82
27/07/2026 09:30:00 - 27/07/2026 09:45:00;13,63
27/07/2026 09:45:00 - 27/07/2026 10:00:00;32,26
27/07/2026 10:00:00 - 27/07/2026 10:15:00;73,28
27/07/2026 10:15:00 - 27/07/2026 10:30:00;26,37
27/07/2026 10:30:00 - 27/07/2026 10:45:00;20,44
27/07/2026 10:45:00 - 27/07/2026 11:00:00;17,94
27/07/2026 11:00:00 - 27/07/2026 11:15:00;50,01
27/07/2026 11:15:00 - 27/07/2026 11:30:00;44,75
27/07/2026 11:30:00 - 27/07/2026 11:45:00;33,4
27/07/2026 11:45:00 - 27/07/2026 12:00:00;15,81
27/07/2026 12:00:00 - 27/07/2026 12:15:00;31,05
27/07/2026 12:15:00 - 27/07/2026 12:30:00;29,55
27/07/2026 12:30:00 - 27/07/2026 12:45:00;27,8
27/07/2026 12:45:00 - 27/07/2026 13:00:00;25,1
27/07/2026 13:00:00 - 27/07/2026 13:15:00;28,07
27/07/2026 13:15:00 - 27/07/2026 13:30:00;24,86
27/07/2026 13:30:00 - 27/07/2026 13:45:00;18,45
27/07/2026 13:45:00 - 27/07/2026 14:00:00;11,62
27/07/2026 14:00:00 - 27/07/2026 14:15:00;11
27/07/2026 14:15:00 - 27/07/2026 14:30:00;11,49
27/07/2026 14:30:00 - 27/07/2026 14:45:00;11
27/07/2026 14:45:00 - 27/07/2026 15:00:00;11,86
27/07/2026 15:00:00 - 27/07/2026 15:15:00;8,44
27/07/2026 15:15:00 - 27/07/2026 15:30:00;10
27/07/2026 15:30:00 - 27/07/2026 15:45:00;11
27/07/2026 15:45:00 - 27/07/2026 16:00:00;12,13
27/07/2026 16:00:00 - 27/07/2026 16:15:00;8,44
27/07/2026 16:15:00 - 27/07/2026 16:30:00;32,77
27/07/2026 16:30:00 - 27/07/2026 16:45:00;31,07
27/07/2026 16:45:00 - 27/07/2026 17:00:00;118,09
27/07/2026 17:00:00 - 27/07/2026 17:15:00;9,99
27/07/2026 17:15:00 - 27/07/2026 17:30:00;103,15
27/07/2026 17:30:00 - 27/07/2026 17:45:00;148,78
27/07/2026 17:45:00 - 27/07/2026 18:00:00;187,8
27/07/2026 18:00:00 - 27/07/2026 18:15:00;133,08
27/07/2026 18:15:00 - 27/07/2026 18:30:00;136,24
27/07/2026 18:30:00 - 27/07/2026 18:45:00;148,05
27/07/2026 18:45:00 - 27/07/2026 19:00:00;160,02
27/07/2026 19:00:00 - 27/07/2026 19:15:00;121,34
27/07/2026 19:15:00 - 27/07/2026 19:30:00;152,29
27/07/2026 19:30:00 - 27/07/2026 19:45:00;162,49
27/07/2026 19:45:00 - 27/07/2026 20:00:00;180,01
27/07/2026 20:00:00 - 27/07/2026 20:15:00;156,29
27/07/2026 20:15:00 - 27/07/2026 20:30:00;156,09
27/07/2026 20:30:00 - 27/07/2026 20:45:00;164,51
27/07/2026 20:45:00 - 27/07/2026 21:00:00;148,8
27/07/2026 21:00:00 - 27/07/2026 21:15:00;149,56
27/07/2026 21:15:00 - 27/07/2026 21:30:00;172,52
27/07/2026 21:30:00 - 27/07/2026 21:45:00;164,51
27/07/2026 21:45:00 - 27/07/2026 22:00:00;160,02
27/07/2026 22:00:00 - 27/07/2026 22:15:00;164,51
27/07/2026 22:15:00 - 27/07/2026 22:30:00;174,02
27/07/2026 22:30:00 - 27/07/2026 22:45:00;175,33
27/07/2026 22:45:00 - 27/07/2026 23:00:00;156,76
27/07/2026 23:00:00 - 27/07/2026 23:15:00;161,73
27/07/2026 23:15:00 - 27/07/2026 23:30:00;161,58
27/07/2026 23:30:00 - 27/07/2026 23:45:00;164,64
27/07/2026 23:45:00 - 28/07/2026 00:00:00;157,75
28/07/2026 00:00:00 - 28/07/2026 00:15:00;182,77
28/07/2026 00:15:00 - 28/07/2026 00:30:00;171,33
28/07/2026 00:30:00 - 28/07/2026 00:45:00;153,06
28/07/2026 00:45:00 - 28/07/2026 01:00:00;144,38
28/07/2026 01:00:00 - 28/07/2026 01:15:00;160,14
28/07/2026 01:15:00 - 28/07/2026 01:30:00;154,46
28/07/2026 01:30:00 - 28/07/2026 01:45:00;149,28
28/07/2026 01:45:00 - 28/07/2026 02:00:00;147
28/07/2026 02:00:00 - 28/07/2026 02:15:00;150,85
28/07/2026 02:15:00 - 28/07/2026 02:30:00;148,04
28/07/2026 02:30:00 - 28/07/2026 02:45:00;143,98
28/07/2026 02:45:00 - 28/07/2026 03:00:00;141,36
28/07/2026 03:00:00 - 28/07/2026 03:15:00;136,5
28/07/2026 03:15:00 - 28/07/2026 03:30:00;137,4
28/07/2026 03:30:00 - 28/07/2026 03:45:00;136,55
28/07/2026 03:45:00 - 28/07/2026 04:00:00;136,85
28/07/2026 04:00:00 - 28/07/2026 04:15:00;134,79
28/07/2026 04:15:00 - 28/07/2026 04:30:00;138,57
28/07/2026 04:30:00 - 28/07/2026 04:45:00;143,45
28/07/2026 04:45:00 - 28/07/2026 05:00:00;153,1
28/07/2026 05:00:00 - 28/07/2026 05:15:00;150,72
28/07/2026 05:15:00 - 28/07/2026 05:30:00;155,6
28/07/2026 05:30:00 - 28/07/2026 05:45:00;166,01
28/07/2026 05:45:00 - 28/07/2026 06:00:00;168
28/07/2026 06:00:00 - 28/07/2026 06:15:00;169,78
28/07/2026 06:15:00 - 28/07/2026 06:30:00;180,29
28/07/2026 06:30:00 - 28/07/2026 06:45:00;173,15
28/07/2026 06:45:00 - 28/07/2026 07:00:00;160,46
28/07/2026 07:00:00 - 28/07/2026 07:15:00;160,14
28/07/2026 07:15:00 - 28/07/2026 07:30:00;127,61
28/07/2026 07:30:00 - 28/07/2026 07:45:00;112,43
28/07/2026 07:45:00 - 28/07/2026 08:00:00;27,8
28/07/2026 08:00:00 - 28/07/2026 08:15:00;88,57
28/07/2026 08:15:00 - 28/07/2026 08:30:00;12,78
28/07/2026 08:30:00 - 28/07/2026 08:45:00;9,2
28/07/2026 08:45:00 - 28/07/2026 09:00:00;8,44
28/07/2026 09:00:00 - 28/07/2026 09:15:00;8,43
28/07/2026 09:15:00 - 28/07/2026 09:30:00;4,43
28/07/2026 09:30:00 - 28/07/2026 09:45:00;5,12
28/07/2026 09:45:00 - 28/07/2026 10:00:00;1,95
28/07/2026 10:00:00 - 28/07/2026 10:15:00;9,99
28/07/2026 10:15:00 - 28/07/2026 10:30:00;11
28/07/2026 10:30:00 - 28/07/2026 10:45:00;12,78
28/07/2026 10:45:00 - 28/07/2026 11:00:00;8,44
28/07/2026 11:00:00 - 28/07/2026 11:15:00;10
28/07/2026 11:15:00 - 28/07/2026 11:30:00;7,18
28/07/2026 11:30:00 - 28/07/2026 11:45:00;9,19
28/07/2026 11:45:00 - 28/07/2026 12:00:00;9,99
28/07/2026 12:00:00 - 28/07/2026 12:15:00;10
28/07/2026 12:15:00 - 28/07/2026 12:30:00;9,2
28/07/2026 12:30:00 - 28/07/2026 12:45:00;8,43
28/07/2026 12:45:00 - 28/07/2026 13:00:00;8,63
28/07/2026 13:00:00 - 28/07/2026 13:15:00;8,44
28/07/2026 13:15:00 - 28/07/2026 13:30:00;8,44
28/07/2026 13:30:00 - 28/07/2026 13:45:00;8,44
28/07/2026 13:45:00 - 28/07/2026 14:00:00;8,63
28/07/2026 14:00:00 - 28/07/2026 14:15:00;9,19
28/07/2026 14:15:00 - 28/07/2026 14:30:00;10
28/07/2026 14:30:00 - 28/07/2026 14:45:00;10,74
28/07/2026 14:45:00 - 28/07/2026 15:00:00;12,78
28/07/2026 15:00:00 - 28/07/2026 15:15:00;10,37
28/07/2026 15:15:00 - 28/07/2026 15:30:00;11,01
28/07/2026 15:30:00 - 28/07/2026 15:45:00;12,78
28/07/2026 15:45:00 - 28/07/2026 16:00:00;30,01
28/07/2026 16:00:00 - 28/07/2026 16:15:00;11
28/07/2026 16:15:00 - 28/07/2026 16:30:00;57,09
28/07/2026 16:30:00 - 28/07/2026 16:45:00;87,1
28/07/2026 16:45:00 - 28/07/2026 17:00:00;119,09
28/07/2026 17:00:00 - 28/07/2026 17:15:00;66,81
28/07/2026 17:15:00 - 28/07/2026 17:30:00;111,52
28/07/2026 17:30:00 - 28/07/2026 17:45:00;138,45
28/07/2026 17:45:00 - 28/07/2026 18:00:00;158,74
28/07/2026 18:00:00 - 28/07/2026 18:15:00;163,47
28/07/2026 18:15:00 - 28/07/2026 18:30:00;183,13
28/07/2026 18:30:00 - 28/07/2026 18:45:00;190,02
28/07/2026 18:45:00 - 28/07/2026 19:00:00;205,7
28/07/2026 19:00:00 - 28/07/2026 19:15:00;193,59
28/07/2026 19:15:00 - 28/07/2026 19:30:00;198,67
28/07/2026 19:30:00 - 28/07/2026 19:45:00;205,78
28/07/2026 19:45:00 - 28/07/2026 20:00:00;235,51
28/07/2026 20:00:00 - 28/07/2026 20:15:00;202,87
28/07/2026 20:15:00 - 28/07/2026 20:30:00;209,25
28/07/2026 20:30:00 - 28/07/2026 20:45:00;220,57
28/07/2026 20:45:00 - 28/07/2026 21:00:00;239,13
28/07/2026 21:00:00 - 28/07/2026 21:15:00;175,14
28/07/2026 21:15:00 - 28/07/2026 21:30:00;186
28/07/2026 21:30:00 - 28/07/2026 21:45:00;160,14
28/07/2026 21:45:00 - 28/07/2026 22:00:00;146,31
28/07/2026 22:00:00 - 28/07/2026 22:15:00;140,86
28/07/2026 22:15:00 - 28/07/2026 22:30:00;142,25
28/07/2026 22:30:00 - 28/07/2026 22:45:00;136,67
28/07/2026 22:45:00 - 28/07/2026 23:00:00;180,43
28/07/2026 23:00:00 - 28/07/2026 23:15:00;189,33
28/07/2026 23:15:00 - 28/07/2026 23:30:00;179,63
28/07/2026 23:30:00 - 28/07/2026 23:45:00;165,95
28/07/2026 23:45:00 - 29/07/2026 00:00:00;160,78
29/07/2026 00:00:00 - 29/07/2026 00:15:00;177,61
29/07/2026 00:15:00 - 29/07/2026 00:30:00;169,65
29/07/2026 00:30:00 - 29/07/2026 00:45:00;155,96
29/07/2026 00:45:00 - 29/07/2026 01:00:00;144,55
29/07/2026 01:00:00 - 29/07/2026 01:15:00;155,48
29/07/2026 01:15:00 - 29/07/2026 01:30:00;153,38
29/07/2026 01:30:00 - 29/07/2026 01:45:00;148,55
29/07/2026 01:45:00 - 29/07/2026 02:00:00;142,26
29/07/2026 02:00:00 - 29/07/2026 02:15:00;140,9
29/07/2026 02:15:00 - 29/07/2026 02:30:00;138,32
29/07/2026 02:30:00 - 29/07/2026 02:45:00;137,38
29/07/2026 02:45:00 - 29/07/2026 03:00:00;135,01
29/07/2026 03:00:00 - 29/07/2026 03:15:00;135,01
29/07/2026 03:15:00 - 29/07/2026 03:30:00;135,15
29/07/2026 03:30:00 - 29/07/2026 03:45:00;135,03
29/07/2026 03:45:00 - 29/07/2026 04:00:00;134,82
29/07/2026 04:00:00 - 29/07/2026 04:15:00;134,22
29/07/2026 04:15:00 - 29/07/2026 04:30:00;138,46
29/07/2026 04:30:00 - 29/07/2026 04:45:00;144,29
29/07/2026 04:45:00 - 29/07/2026 05:00:00;151,75
29/07/2026 05:00:00 - 29/07/2026 05:15:00;147,49
29/07/2026 05:15:00 - 29/07/2026 05:30:00;155,12
29/07/2026 05:30:00 - 29/07/2026 05:45:00;158,54
29/07/2026 05:45:00 - 29/07/2026 06:00:00;164,17
29/07/2026 06:00:00 - 29/07/2026 06:15:00;164,71
29/07/2026 06:15:00 - 29/07/2026 06:30:00;179,25
29/07/2026 06:30:00 - 29/07/2026 06:45:00;176,65
29/07/2026 06:45:00 - 29/07/2026 07:00:00;173,41
29/07/2026 07:00:00 - 29/07/2026 07:15:00;175,71
29/07/2026 07:15:00 - 29/07/2026 07:30:00;173,62
29/07/2026 07:30:00 - 29/07/2026 07:45:00;135,98
29/07/2026 07:45:00 - 29/07/2026 08:00:00;121,16
29/07/2026 08:00:00 - 29/07/2026 08:15:00;112,22
29/07/2026 08:15:00 - 29/07/2026 08:30:00;40
29/07/2026 08:30:00 - 29/07/2026 08:45:00;15,5
29/07/2026 08:45:00 - 29/07/2026 09:00:00;11
29/07/2026 09:00:00 - 29/07/2026 09:15:00;11,01
29/07/2026 09:15:00 - 29/07/2026 09:30:00;12,77
29/07/2026 09:30:00 - 29/07/2026 09:45:00;12,79
29/07/2026 09:45:00 - 29/07/2026 10:00:00;12,77
29/07/2026 10:00:00 - 29/07/2026 10:15:00;12,78
29/07/2026 10:15:00 - 29/07/2026 10:30:00;14,99
29/07/2026 10:30:00 - 29/07/2026 10:45:00;15
29/07/2026 10:45:00 - 29/07/2026 11:00:00;50,1
29/07/2026 11:00:00 - 29/07/2026 11:15:00;62,23
29/07/2026 11:15:00 - 29/07/2026 11:30:00;32,8
29/07/2026 11:30:00 - 29/07/2026 11:45:00;12,68
29/07/2026 11:45:00 - 29/07/2026 12:00:00;8,43
29/07/2026 12:00:00 - 29/07/2026 12:15:00;13,01
29/07/2026 12:15:00 - 29/07/2026 12:30:00;12,77
29/07/2026 12:30:00 - 29/07/2026 12:45:00;10,79
29/07/2026 12:45:00 - 29/07/2026 13:00:00;10,22
29/07/2026 13:00:00 - 29/07/2026 13:15:00;14,99
29/07/2026 13:15:00 - 29/07/2026 13:30:00;15,84
29/07/2026 13:30:00 - 29/07/2026 13:45:00;15,91
29/07/2026 13:45:00 - 29/07/2026 14:00:00;17,17
29/07/2026 14:00:00 - 29/07/2026 14:15:00;15,34
29/07/2026 14:15:00 - 29/07/2026 14:30:00;20,25
29/07/2026 14:30:00 - 29/07/2026 14:45:00;19,82
29/07/2026 14:45:00 - 29/07/2026 15:00:00;29,15
29/07/2026 15:00:00 - 29/07/2026 15:15:00;28,45
29/07/2026 15:15:00 - 29/07/2026 15:30:00;32,94
29/07/2026 15:30:00 - 29/07/2026 15:45:00;39,6
29/07/2026 15:45:00 - 29/07/2026 16:00:00;58,83
29/07/2026 16:00:00 - 29/07/2026 16:15:00;50,3
29/07/2026 16:15:00 - 29/07/2026 16:30:00;11,01
29/07/2026 16:30:00 - 29/07/2026 16:45:00;65,82
29/07/2026 16:45:00 - 29/07/2026 17:00:00;120,41
29/07/2026 17:00:00 - 29/07/2026 17:15:00;103,16
29/07/2026 17:15:00 - 29/07/2026 17:30:00;121,96
29/07/2026 17:30:00 - 29/07/2026 17:45:00;162,38
29/07/2026 17:45:00 - 29/07/2026 18:00:00;179,7
29/07/2026 18:00:00 - 29/07/2026 18:15:00;149,52
29/07/2026 18:15:00 - 29/07/2026 18:30:00;182,5
29/07/2026 18:30:00 - 29/07/2026 18:45:00;135,29
29/07/2026 18:45:00 - 29/07/2026 19:00:00;147,15
29/07/2026 19:00:00 - 29/07/2026 19:15:00;121,07
29/07/2026 19:15:00 - 29/07/2026 19:30:00;123,05
29/07/2026 19:30:00 - 29/07/2026 19:45:00;121,27
29/07/2026 19:45:00 - 29/07/2026 20:00:00;117,43
29/07/2026 20:00:00 - 29/07/2026 20:15:00;136,94
29/07/2026 20:15:00 - 29/07/2026 20:30:00;136,03
29/07/2026 20:30:00 - 29/07/2026 20:45:00;143,39
29/07/2026 20:45:00 - 29/07/2026 21:00:00;143,39
29/07/2026 21:00:00 - 29/07/2026 21:15:00;134,8
29/07/2026 21:15:00 - 29/07/2026 21:30:00;124,68
29/07/2026 21:30:00 - 29/07/2026 21:45:00;120,41
29/07/2026 21:45:00 - 29/07/2026 22:00:00;122,09
29/07/2026 22:00:00 - 29/07/2026 22:15:00;133,97
29/07/2026 22:15:00 - 29/07/2026 22:30:00;138,7
29/07/2026 22:30:00 - 29/07/2026 22:45:00;146,28
29/07/2026 22:45:00 - 29/07/2026 23:00:00;159,99
29/07/2026 23:00:00 - 29/07/2026 23:15:00;179,58
29/07/2026 23:15:00 - 29/07/2026 23:30:00;173,97
29/07/2026 23:30:00 - 29/07/2026 23:45:00;170,38
29/07/2026 23:45:00 - 30/07/2026 00:00:00;146,1
30/07/2026 00:00:00 - 30/07/2026 00:15:00;162,16
30/07/2026 00:15:00 - 30/07/2026 00:30:00;152
30/07/2026 00:30:00 - 30/07/2026 00:45:00;142,66
30/07/2026 00:45:00 - 30/07/2026 01:00:00;142,2
30/07/2026 01:00:00 - 30/07/2026 01:15:00;144,05
30/07/2026 01:15:00 - 30/07/2026 01:30:00;141,88
30/07/2026 01:30:00 - 30/07/2026 01:45:00;145,61
30/07/2026 01:45:00 - 30/07/2026 02:00:00;138
30/07/2026 02:00:00 - 30/07/2026 02:15:00;143
30/07/2026 02:15:00 - 30/07/2026 02:30:00;142,63
30/07/2026 02:30:00 - 30/07/2026 02:45:00;137,99
30/07/2026 02:45:00 - 30/07/2026 03:00:00;136,37
30/07/2026 03:00:00 - 30/07/2026 03:15:00;135,94
30/07/2026 03:15:00 - 30/07/2026 03:30:00;135,73
30/07/2026 03:30:00 - 30/07/2026 03:45:00;136,7
30/07/2026 03:45:00 - 30/07/2026 04:00:00;139,15
30/07/2026 04:00:00 - 30/07/2026 04:15:00;132,03
30/07/2026 04:15:00 - 30/07/2026 04:30:00;132,79
30/07/2026 04:30:00 - 30/07/2026 04:45:00;133,59
30/07/2026 04:45:00 - 30/07/2026 05:00:00;136,2
30/07/2026 05:00:00 - 30/07/2026 05:15:00;140,3
30/07/2026 05:15:00 - 30/07/2026 05:30:00;144,71
30/07/2026 05:30:00 - 30/07/2026 05:45:00;148,8
30/07/2026 05:45:00 - 30/07/2026 06:00:00;149,2
30/07/2026 06:00:00 - 30/07/2026 06:15:00;155,36
30/07/2026 06:15:00 - 30/07/2026 06:30:00;165,36
30/07/2026 06:30:00 - 30/07/2026 06:45:00;155,09
30/07/2026 06:45:00 - 30/07/2026 07:00:00;150,05
30/07/2026 07:00:00 - 30/07/2026 07:15:00;171,7
30/07/2026 07:15:00 - 30/07/2026 07:30:00;154,14
30/07/2026 07:30:00 - 30/07/2026 07:45:00;144,38
30/07/2026 07:45:00 - 30/07/2026 08:00:00;131,54
30/07/2026 08:00:00 - 30/07/2026 08:15:00;167,4
30/07/2026 08:15:00 - 30/07/2026 08:30:00;150,53
30/07/2026 08:30:00 - 30/07/2026 08:45:00;41
30/07/2026 08:45:00 - 30/07/2026 09:00:00;35,04
30/07/2026 09:00:00 - 30/07/2026 09:15:00;53,1
30/07/2026 09:15:00 - 30/07/2026 09:30:00;71,57
30/07/2026 09:30:00 - 30/07/2026 09:45:00;100
30/07/2026 09:45:00 - 30/07/2026 10:00:00;15,34
30/07/2026 10:00:00 - 30/07/2026 10:15:00;79,3
30/07/2026 10:15:00 - 30/07/2026 10:30:00;71,37
30/07/2026 10:30:00 - 30/07/2026 10:45:00;65,82
30/07/2026 10:45:00 - 30/07/2026 11:00:00;54,53
30/07/2026 11:00:00 - 30/07/2026 11:15:00;69,7
30/07/2026 11:15:00 - 30/07/2026 11:30:00;35,84
30/07/2026 11:30:00 - 30/07/2026 11:45:00;20,62
30/07/2026 11:45:00 - 30/07/2026 12:00:00;12,56
30/07/2026 12:00:00 - 30/07/2026 12:15:00;14,18
30/07/2026 12:15:00 - 30/07/2026 12:30:00;11,01
30/07/2026 12:30:00 - 30/07/2026 12:45:00;12
30/07/2026 12:45:00 - 30/07/2026 13:00:00;11,35
30/07/2026 13:00:00 - 30/07/2026 13:15:00;15,33
30/07/2026 13:15:00 - 30/07/2026 13:30:00;23,4
30/07/2026 13:30:00 - 30/07/2026 13:45:00;21,51
30/07/2026 13:45:00 - 30/07/2026 14:00:00;23,36
30/07/2026 14:00:00 - 30/07/2026 14:15:00;15,34
30/07/2026 14:15:00 - 30/07/2026 14:30:00;17,13
30/07/2026 14:30:00 - 30/07/2026 14:45:00;45,21
30/07/2026 14:45:00 - 30/07/2026 15:00:00;64,92
30/07/2026 15:00:00 - 30/07/2026 15:15:00;35,16
30/07/2026 15:15:00 - 30/07/2026 15:30:00;51,01
30/07/2026 15:30:00 - 30/07/2026 15:45:00;76,35
30/07/2026 15:45:00 - 30/07/2026 16:00:00;19,99
30/07/2026 16:00:00 - 30/07/2026 16:15:00;65,81
30/07/2026 16:15:00 - 30/07/2026 16:30:00;106,12
30/07/2026 16:30:00 - 30/07/2026 16:45:00;118,51
30/07/2026 16:45:00 - 30/07/2026 17:00:00;148,65
30/07/2026 17:00:00 - 30/07/2026 17:15:00;123,54
30/07/2026 17:15:00 - 30/07/2026 17:30:00;137,46
30/07/2026 17:30:00 - 30/07/2026 17:45:00;143,26
30/07/2026 17:45:00 - 30/07/2026 18:00:00;165,97
30/07/2026 18:00:00 - 30/07/2026 18:15:00;149,75
30/07/2026 18:15:00 - 30/07/2026 18:30:00;143,39
30/07/2026 18:30:00 - 30/07/2026 18:45:00;205,28
30/07/2026 18:45:00 - 30/07/2026 19:00:00;150,17
30/07/2026 19:00:00 - 30/07/2026 19:15:00;178,1
30/07/2026 19:15:00 - 30/07/2026 19:30:00;149,65
30/07/2026 19:30:00 - 30/07/2026 19:45:00;134,65
30/07/2026 19:45:00 - 30/07/2026 20:00:00;147,6
30/07/2026 20:00:00 - 30/07/2026 20:15:00;143,39
30/07/2026 20:15:00 - 30/07/2026 20:30:00;143,39
30/07/2026 20:30:00 - 30/07/2026 20:45:00;143,39
30/07/2026 20:45:00 - 30/07/2026 21:00:00;143,39
30/07/2026 21:00:00 - 30/07/2026 21:15:00;143,39
30/07/2026 21:15:00 - 30/07/2026 21:30:00;143,39
30/07/2026 21:30:00 - 30/07/2026 21:45:00;145,02
30/07/2026 21:45:00 - 30/07/2026 22:00:00;146,69
30/07/2026 22:00:00 - 30/07/2026 22:15:00;143,39
30/07/2026 22:15:00 - 30/07/2026 22:30:00;143,39
30/07/2026 22:30:00 - 30/07/2026 22:45:00;143,39
30/07/2026 22:45:00 - 30/07/2026 23:00:00;131,7
30/07/2026 23:00:00 - 30/07/2026 23:15:00;181,29
30/07/2026 23:15:00 - 30/07/2026 23:30:00;172,65
30/07/2026 23:30:00 - 30/07/2026 23:45:00;169,78
30/07/2026 23:45:00 - 31/07/2026 00:00:00;159,6
31/07/2026 00:00:00 - 31/07/2026 00:15:00;177,28
31/07/2026 00:15:00 - 31/07/2026 00:30:00;170,09
31/07/2026 00:30:00 - 31/07/2026 00:45:00;164,6
31/07/2026 00:45:00 - 31/07/2026 01:00:00;161,54
31/07/2026 01:00:00 - 31/07/2026 01:15:00;174,29
31/07/2026 01:15:00 - 31/07/2026 01:30:00;169,38
31/07/2026 01:30:00 - 31/07/2026 01:45:00;157,61
31/07/2026 01:45:00 - 31/07/2026 02:00:00;154,04
31/07/2026 02:00:00 - 31/07/2026 02:15:00;157,15
31/07/2026 02:15:00 - 31/07/2026 02:30:00;154,5
31/07/2026 02:30:00 - 31/07/2026 02:45:00;155
31/07/2026 02:45:00 - 31/07/2026 03:00:00;158,81
31/07/2026 03:00:00 - 31/07/2026 03:15:00;157,08
31/07/2026 03:15:00 - 31/07/2026 03:30:00;156,65
31/07/2026 03:30:00 - 31/07/2026 03:45:00;156,53
31/07/2026 03:45:00 - 31/07/2026 04:00:00;157,13
31/07/2026 04:00:00 - 31/07/2026 04:15:00;158,23
31/07/2026 04:15:00 - 31/07/2026 04:30:00;155,8
31/07/2026 04:30:00 - 31/07/2026 04:45:00;159,96
31/07/2026 04:45:00 - 31/07/2026 05:00:00;169,81
31/07/2026 05:00:00 - 31/07/2026 05:15:00;171,97
31/07/2026 05:15:00 - 31/07/2026 05:30:00;173,72
31/07/2026 05:30:00 - 31/07/2026 05:45:00;179,64
31/07/2026 05:45:00 - 31/07/2026 06:00:00;179,55
31/07/2026 06:00:00 - 31/07/2026 06:15:00;173,77
31/07/2026 06:15:00 - 31/07/2026 06:30:00;185,3
31/07/2026 06:30:00 - 31/07/2026 06:45:00;185,39
31/07/2026 06:45:00 - 31/07/2026 07:00:00;178,53
31/07/2026 07:00:00 - 31/07/2026 07:15:00;189,39
31/07/2026 07:15:00 - 31/07/2026 07:30:00;180
31/07/2026 07:30:00 - 31/07/2026 07:45:00;172,61
31/07/2026 07:45:00 - 31/07/2026 08:00:00;114,04
31/07/2026 08:00:00 - 31/07/2026 08:15:00;80
31/07/2026 08:15:00 - 31/07/2026 08:30:00;13,01
31/07/2026 08:30:00 - 31/07/2026 08:45:00;122,25
31/07/2026 08:45:00 - 31/07/2026 09:00:00;15,5
31/07/2026 09:00:00 - 31/07/2026 09:15:00;60,01
31/07/2026 09:15:00 - 31/07/2026 09:30:00;17,08
31/07/2026 09:30:00 - 31/07/2026 09:45:00;50,03
31/07/2026 09:45:00 - 31/07/2026 10:00:00;32,89
31/07/2026 10:00:00 - 31/07/2026 10:15:00;65,81
31/07/2026 10:15:00 - 31/07/2026 10:30:00;39
31/07/2026 10:30:00 - 31/07/2026 10:45:00;60
31/07/2026 10:45:00 - 31/07/2026 11:00:00;100
31/07/2026 11:00:00 - 31/07/2026 11:15:00;111,67
31/07/2026 11:15:00 - 31/07/2026 11:30:00;99,07
31/07/2026 11:30:00 - 31/07/2026 11:45:00;96,24
31/07/2026 11:45:00 - 31/07/2026 12:00:00;90,8
31/07/2026 12:00:00 - 31/07/2026 12:15:00;97,88
31/07/2026 12:15:00 - 31/07/2026 12:30:00;95,74
31/07/2026 12:30:00 - 31/07/2026 12:45:00;96,03
31/07/2026 12:45:00 - 31/07/2026 13:00:00;86,99
31/07/2026 13:00:00 - 31/07/2026 13:15:00;85,01
31/07/2026 13:15:00 - 31/07/2026 13:30:00;84,46
31/07/2026 13:30:00 - 31/07/2026 13:45:00;82,25
31/07/2026 13:45:00 - 31/07/2026 14:00:00;81,35
31/07/2026 14:00:00 - 31/07/2026 14:15:00;80,4
31/07/2026 14:15:00 - 31/07/2026 14:30:00;81,99
31/07/2026 14:30:00 - 31/07/2026 14:45:00;87,81
31/07/2026 14:45:00 - 31/07/2026 15:00:00;94,94
31/07/2026 15:00:00 - 31/07/2026 15:15:00;91,11
31/07/2026 15:15:00 - 31/07/2026 15:30:00;100,67
31/07/2026 15:30:00 - 31/07/2026 15:45:00;75,99
31/07/2026 15:45:00 - 31/07/2026 16:00:00;60,01
31/07/2026 16:00:00 - 31/07/2026 16:15:00;14,99
31/07/2026 16:15:00 - 31/07/2026 16:30:00;65,81
31/07/2026 16:30:00 - 31/07/2026 16:45:00;65,81
31/07/2026 16:45:00 - 31/07/2026 17:00:00;126,01
31/07/2026 17:00:00 - 31/07/2026 17:15:00;127,84
31/07/2026 17:15:00 - 31/07/2026 17:30:00;140,7
31/07/2026 17:30:00 - 31/07/2026 17:45:00;172,34
31/07/2026 17:45:00 - 31/07/2026 18:00:00;189,91
31/07/2026 18:00:00 - 31/07/2026 18:15:00;136
31/07/2026 18:15:00 - 31/07/2026 18:30:00;131,93
31/07/2026 18:30:00 - 31/07/2026 18:45:00;131,65
31/07/2026 18:45:00 - 31/07/2026 19:00:00;127,85
31/07/2026 19:00:00 - 31/07/2026 19:15:00;133,19
31/07/2026 19:15:00 - 31/07/2026 19:30:00;139,44
31/07/2026 19:30:00 - 31/07/2026 19:45:00;133,49
31/07/2026 19:45:00 - 31/07/2026 20:00:00;146,7
31/07/2026 20:00:00 - 31/07/2026 20:15:00;149,01
31/07/2026 20:15:00 - 31/07/2026 20:30:00;149,01
31/07/2026 20:30:00 - 31/07/2026 20:45:00;147,49
31/07/2026 20:45:00 - 31/07/2026 21:00:00;149,01
31/07/2026 21:00:00 - 31/07/2026 21:15:00;149,11
31/07/2026 21:15:00 - 31/07/2026 21:30:00;149,11
31/07/2026 21:30:00 - 31/07/2026 21:45:00;149,11
31/07/2026 21:45:00 - 31/07/2026 22:00:00;149,11
31/07/2026 22:00:00 - 31/07/2026 22:15:00;131,51
31/07/2026 22:15:00 - 31/07/2026 22:30:00;130,26
31/07/2026 22:30:00 - 31/07/2026 22:45:00;132,63
31/07/2026 22:45:00 - 31/07/2026 23:00:00;132,6
31/07/2026 23:00:00 - 31/07/2026 23:15:00;133,69
31/07/2026 23:15:00 - 31/07/2026 23:30:00;132,06
31/07/2026 23:30:00 - 31/07/2026 23:45:00;131,63
31/07/2026 23:45:00 - 01/08/2026 00:00:00;131,28
